扭矩,钻压 ,回转功率 ,给进功率,回转转速 
0.45,37,442,868,399.9
0.74,76,442,872,399.9
0.95,82,442,854,399.9
0.82,116,442,861,399.9
0.8,124,442,865,399.9
0.98,101,442,846,399.9
0.97,94,442,846,399.9
1.09,91,442,857,399.9
1.1,61,442,854,399.9
1.02,68,307,854,400
0.96,73,307,857,400
0.89,78,307,857,400
0.57,91,307,854,400
0.66,102,307,850,400
1.07,104,307,854,400
1.22,151,307,850,400
1.32,174,307,839,400
1.37,175,307,835,400
1.08,201,307,817,400
1.08,208,637,824,399.9
1.2,172,637,824,399.9
1.24,173,637,824,399.9
1.27,160,637,824,399.9
1.33,132,637,821,399.9
1.16,127,637,810,399.9
1.14,139,637,824,399.9
0.98,124,637,835,399.9
0.76,130,637,817,399.9
0.87,124,637,821,399.9
1.15,112,382,824,399.9
1.21,132,382,824,399.9
1.49,160,382,810,399.9
1.58,161,382,817,399.9
1.31,202,382,817,399.9
1.2,214,382,813,399.9
1.37,185,382,810,399.9
1.34,170,382,817,399.9
1.41,166,382,821,399.9
1.43,127,382,828,399.9
1.36,128,480,824,400
1.25,120,480,828,400
1.1,102,480,835,400
0.76,95,480,846,400
0.83,90,480,850,400
1.17,81,480,846,400
1.26,117,480,846,400
1.34,127,480,846,400
1.33,125,480,857,400
0.99,152,480,850,400
0.87,161,532,846,399.9
0.9,131,532,865,399.9
0.88,134,532,857,399.9
0.88,110,532,854,399.9
0.92,66,532,865,399.9
0.77,49,532,868,399.9
0.77,51,532,879,399.9
0.62,33,532,883,399.9
0.38,41,532,890,399.9
0.43,50,532,883,399.9
0.73,61,607,879,399.9
0.85,106,607,875,399.9
1.12,140,607,883,399.9
1.15,130,607,886,399.9
0.9,130,607,875,399.9
0.8,117,607,879,399.9
0.94,87,607,879,399.9
0.94,89,607,875,399.9
1.06,85,607,875,399.9
1.12,60,607,890,399.9
1.05,69,390,883,400.1
0.9,71,390,883,400.1
0.81,64,390,879,400.1
0.6,70,390,886,400.1
0.76,75,390,897,400.1
1.11,67,390,886,400.1
1.27,98,390,890,400.1
1.41,109,390,883,400.1
1.34,107,390,886,400.1
1.03,132,390,875,400.1
1.08,146,547,875,399.9
1.19,126,547,879,399.9
1.22,136,547,868,399.9
1.25,126,547,875,399.9
1.27,112,547,883,399.9
1.13,110,547,886,399.9
1.12,109,547,886,399.9
0.97,82,547,886,399.9
0.67,90,547,894,399.9
0.7,99,547,883,399.9
1.01,108,465,875,399.9
1.15,143,465,883,399.9
1.39,162,465,868,399.9
1.46,152,465,857,399.9
1.24,185,465,865,399.9
1.16,201,465,854,399.9
1.28,193,465,861,399.9
1.26,207,465,854,399.9
1.45,202,465,850,399.9
1.56,167,465,861,399.9
1.56,160,472,875,400
1.48,138,472,872,400
1.43,123,472,872,400
1.19,134,472,872,400
1.26,146,472,875,400
1.48,143,472,868,400
1.49,184,472,868,400
1.44,194,472,875,400
1.33,196,472,872,400
1.03,220,472,872,400
1.03,225,645,868,399.8
1.18,181,645,868,399.8
1.23,157,645,879,399.8
1.23,126,645,868,399.8
1.22,89,645,875,399.8
0.98,73,645,886,399.8
0.91,74,645,890,399.8
0.78,53,645,897,399.8
0.67,77,645,908,399.8
0.8,118,645,905,399.8
1.1,139,585,905,399.8
1.08,167,585,901,399.8
1.09,169,585,901,399.8
0.96,135,585,905,399.8
0.72,139,585,894,399.8
0.66,136,585,897,399.8
0.83,119,585,897,399.8
0.85,122,585,890,399.8
1.07,128,585,886,399.8
1.21,96,585,897,399.8
1.09,92,510,905,400
0.89,78,510,886,400
0.84,63,510,894,400
0.72,82,510,905,400
0.86,112,510,901,400
1.11,117,510,883,400
1.13,159,510,894,400
1.08,172,510,890,400
1.08,159,510,868,400
0.91,178,510,883,400
1.05,186,592,868,399.9
1.24,158,592,865,399.9
1.25,169,592,868,399.9
1.29,172,592,861,399.9
1.43,165,592,865,399.9
1.44,173,592,875,399.9
1.43,169,592,872,399.9
1.27,149,592,861,399.9
1.11,163,592,868,399.9
1.19,172,592,868,399.9
1.47,174,615,857,399.8
1.32,189,615,861,399.8
1.32,191,615,846,399.8
1.35,173,615,824,399.8
1.24,199,615,846,399.8
1.2,214,615,832,399.8
1.36,208,615,828,399.8
1.38,221,615,839,399.8
1.45,218,615,824,399.8
1.48,188,615,832,399.8
1.48,180,382,835,400.1
1.49,164,382,843,400.1
1.53,160,382,843,400.1
1.33,179,382,839,400.1
1.48,203,382,835,400.1
1.57,198,382,843,400.1
1.5,227,382,832,400.1
1.45,229,382,835,400.1
1.4,223,382,843,400.1
1.1,228,382,821,400.1
1.06,231,592,835,399.8
1.12,201,592,832,399.8
1.22,195,592,824,399.8
1.28,181,592,832,399.8
1.39,151,592,835,399.8
1.35,140,592,839,399.8
1.31,139,592,850,399.8
1.14,113,592,846,399.8
1.03,125,592,846,399.8
1.12,138,592,854,399.8
1.27,134,375,868,399.9
1.04,140,375,865,399.9
1.01,141,375,857,399.9
0.98,124,375,854,399.9
0.77,156,375,865,399.9
0.68,158,375,875,399.9
0.82,139,375,872,399.9
0.84,135,375,868,399.9
1.01,131,375,861,399.9
1.21,105,375,875,399.9
1.3,108,457,886,400.1
1.27,102,457,883,400.1
1.29,98,457,883,400.1
1.06,120,457,886,400.1
1.06,133,457,901,400.1
1.12,98,457,890,400.1
1.07,104,457,872,400.1
0.96,92,457,883,400.1
0.85,85,457,875,400.1
0.6,102,457,868,400.1
0.68,116,712,868,399.8
0.83,109,712,868,399.8
0.93,130,712,861,399.8
0.97,134,712,868,399.8
1.15,118,712,872,399.8
1.27,118,712,868,399.8
1.41,136,712,868,399.8
1.39,121,712,879,399.8
1.33,137,712,868,399.8
1.39,151,712,861,399.8
1.53,152,600,865,399.9
1.38,170,600,854,399.9
1.39,178,600,857,399.9
1.4,167,600,850,399.9
1.17,200,600,835,399.9
1.08,209,600,850,399.9
1.27,209,600,846,399.9
1.31,231,600,839,399.9
1.45,241,600,843,399.9
1.58,219,600,832,399.9
1.67,212,517,835,400.1
1.73,199,517,843,400.1
1.79,186,517,839,400.1
1.54,191,517,835,400.1
1.5,188,517,835,400.1
1.51,166,517,832,400.1
1.41,188,517,821,400.1
1.34,194,517,824,400.1
1.33,192,517,824,400.1
1.1,213,517,817,400.1
1.2,221,585,810,399.8
1.44,203,585,821,399.8
1.59,217,585,810,399.8
1.58,217,585,813,399.8
1.59,198,585,824,399.8
1.44,198,585,832,399.8
1.54,218,585,824,399.8
1.6,209,585,828,399.8
1.44,228,585,835,399.8
1.46,228,585,824,399.8
1.63,217,570,813,399.8
1.54,214,570,828,399.8
1.48,205,570,824,399.8
1.34,188,570,817,399.8
1.12,203,570,817,399.8
1.07,204,570,828,399.8
1.33,199,570,817,399.8
1.38,209,570,817,399.8
1.48,223,570,824,399.8
1.51,199,570,832,399.8
1.49,208,502,839,400
1.44,203,502,850,400
1.39,190,502,843,400
1.1,187,502,843,400
1.09,172,502,854,400
1.09,136,502,854,400
1.02,142,502,857,400
0.95,133,502,843,400
0.92,122,502,839,400
0.7,139,502,850,400
0.83,156,592,846,399.9
1,154,592,839,399.9
1.09,178,592,835,399.9
1.21,184,592,846,399.9
1.44,172,592,843,399.9
1.5,171,592,839,399.9
1.62,187,592,846,399.9
1.58,171,592,839,399.9
1.31,183,592,839,399.9
1.25,168,592,828,399.9
1.39,156,540,835,399.9
1.27,168,540,832,399.9
1.28,190,540,828,399.9
1.26,179,540,824,399.9
1.04,200,540,821,399.9
0.97,197,540,802,399.9
1.23,183,540,810,399.9
1.33,189,540,802,399.9
1.48,199,540,802,399.9
1.77,183,540,817,399.9
1.94,205,435,806,400
1.9,207,435,799,400
1.8,199,435,813,400
1.51,209,435,810,400
1.56,218,435,810,400
1.65,216,435,795,400
1.59,240,435,810,400
1.55,241,435,799,400
1.56,241,435,781,400
1.28,250,435,795,400
1.36,259,592,788,399.8
1.52,236,592,784,399.8
1.52,241,592,792,399.8
1.49,236,592,784,399.8
1.72,223,592,792,399.8
1.82,234,592,792,399.8
1.97,250,592,792,399.8
1.98,232,592,792,399.8
1.78,233,592,792,399.8
1.72,212,592,806,399.8
1.77,195,585,802,399.8
1.59,206,585,784,399.8
1.62,214,585,784,399.8
1.57,205,585,784,399.8
1.35,237,585,770,399.8
1.31,254,585,781,399.8
1.53,251,585,781,399.8
1.56,259,585,781,399.8
1.68,269,585,788,399.8
1.93,246,585,788,399.8
2.05,258,570,802,400
1.95,248,570,806,400
1.85,216,570,806,400
1.55,196,570,802,400
1.55,175,570,810,400
1.65,150,570,813,400
1.6,177,570,821,400
1.54,186,570,813,400
1.49,192,570,802,400
1.14,205,570,813,400
1.15,220,720,817,399.8
1.18,196,720,817,399.8
1.19,193,720,817,399.8
1.3,189,720,817,399.8
1.52,179,720,828,399.8
1.49,185,720,832,399.8
1.65,196,720,832,399.8
1.66,169,720,835,399.8
1.49,179,720,835,399.8
1.37,162,720,850,399.8
1.36,136,600,846,399.9
1.21,145,600,828,399.9
1.25,167,600,832,399.9
1.24,175,600,821,399.9
1.07,219,600,806,399.9
1.06,238,600,817,399.9
1.29,236,600,806,399.9
1.34,241,600,795,399.9
1.54,240,600,813,399.9
1.7,214,600,821,399.9
1.75,207,547,806,400
1.74,188,547,813,400
1.65,167,547,813,400
1.4,173,547,806,400
1.47,190,547,806,400
1.69,203,547,806,400
1.7,253,547,799,400
1.71,268,547,788,400
1.69,266,547,795,400
1.47,270,547,792,400
1.51,267,690,784,399.8
1.64,237,690,792,399.8
1.71,253,690,770,399.8
1.83,271,690,784,399.8
2.04,281,690,784,399.8
2,297,690,784,399.8
2.1,309,690,784,399.8
2.04,283,690,792,399.8
1.85,273,690,795,399.8
1.83,233,690,799,399.8
1.95,203,465,792,399.9
1.81,204,465,777,399.9
1.77,204,465,788,399.9
1.68,198,465,781,399.9
1.49,241,465,777,399.9
1.39,257,465,766,399.9
1.58,260,465,766,399.9
1.61,265,465,770,399.9
1.77,260,465,759,399.9
1.95,225,465,762,399.9
1.99,233,457,781,400
1.91,213,457,762,400
1.79,185,457,759,400
1.59,178,457,773,400
1.69,175,457,788,400
1.82,157,457,781,400
1.77,174,457,766,400
1.75,167,457,766,400
1.79,166,457,781,400
1.53,182,457,773,400
1.45,198,757,759,399.8
1.43,184,757,766,399.8
1.48,198,757,770,399.8
1.65,212,757,766,399.8
1.87,211,757,770,399.8
1.77,206,757,788,399.8
1.77,196,757,781,399.8
1.61,165,757,784,399.8
1.38,160,757,781,399.8
1.33,137,757,784,399.8
1.51,121,502,788,399.9
1.37,145,502,781,399.9
1.38,162,502,781,399.9
1.35,165,502,777,399.9
1.22,213,502,781,399.9
1.21,240,502,762,399.9
1.47,246,502,759,399.9
1.53,255,502,770,399.9
1.7,263,502,759,399.9
1.81,233,502,762,399.9
1.73,234,502,766,400.1
1.61,214,502,751,400.1
1.54,197,502,755,400.1
1.36,197,502,755,400.1
1.42,196,502,751,400.1
1.57,182,502,737,400.1
1.55,205,502,748,400.1
1.54,217,502,744,400.1
1.58,230,502,733,400.1
1.37,253,502,733,400.1
1.39,277,742,729,399.8
1.52,269,742,722,399.8
1.71,298,742,719,399.8
1.88,314,742,708,399.8
2.05,310,742,719,399.8
1.95,311,742,715,399.8
2.01,310,742,711,399.8
1.93,288,742,708,399.8
1.82,298,742,715,399.8
1.88,292,742,711,399.8
2.16,289,690,700,399.9
2.13,301,690,711,399.9
2.17,312,690,708,399.9
2.1,306,690,693,399.9
1.89,333,690,700,399.9
1.79,336,690,700,399.9
2.03,347,690,686,399.9
2.13,369,690,697,399.9
2.3,364,690,700,399.9
2.31,332,690,689,399.9
2.2,330,577,697,400
2.18,311,577,700,400
2.12,295,577,693,400
1.95,290,577,693,400
2.08,293,577,700,400
2.17,287,577,704,400
2.05,312,577,689,400
1.98,313,577,689,400
1.93,314,577,697,400
1.56,332,577,704,400
1.55,347,652,697,399.8
1.68,336,652,689,399.8
1.86,342,652,700,399.8
2,328,652,711,399.8
2.2,308,652,715,399.8
2.06,299,652,719,399.8
2,281,652,711,399.8
1.91,250,652,711,399.8
1.71,257,652,726,399.8
1.68,243,652,733,399.8
1.86,239,547,737,399.9
1.71,254,547,729,399.9
1.72,259,547,737,399.9
1.71,249,547,737,399.9
1.57,286,547,740,399.9
1.51,293,547,740,399.9
1.75,297,547,748,399.9
1.78,310,547,737,399.9
1.86,312,547,748,399.9
1.83,277,547,751,399.9
1.7,284,607,759,400
1.58,266,607,744,400
1.5,235,607,759,400
1.31,218,607,755,400
1.54,202,607,759,400
1.8,184,607,755,400
1.78,200,607,762,400
1.76,206,607,759,400
1.71,207,607,744,400
1.41,237,607,748,400
1.44,280,750,755,399.8
1.59,284,750,737,399.8
1.78,305,750,751,399.8
1.96,298,750,751,399.8
2.14,269,750,744,399.8
2.05,266,750,740,399.8
2.04,261,750,740,399.8
2.02,236,750,740,399.8
1.89,237,750,737,399.8
2.01,232,750,744,399.8
2.26,235,637,740,399.9
2.15,258,637,744,399.9
2.06,272,637,729,399.9
2.01,273,637,733,399.9
1.78,318,637,737,399.9
1.73,329,637,729,399.9
1.93,331,637,729,399.9
1.97,340,637,729,399.9
2.06,332,637,722,399.9
2.02,304,637,722,399.9
1.96,309,577,729,400.1
1.91,298,577,740,400.1
1.95,284,577,729,400.1
1.83,289,577,722,400.1
2.03,294,577,744,400.1
2.3,297,577,740,400.1
2.29,336,577,729,400.1
2.26,355,577,726,400.1
2.14,366,577,729,400.1
1.84,393,577,726,400.1
2.02,411,832,719,399.9
2.24,386,832,726,399.9
2.27,379,832,722,399.9
2.29,353,832,719,399.9
2.4,340,832,722,399.9
2.31,349,832,722,399.9
2.31,350,832,722,399.9
2.23,330,832,722,399.9
2.1,339,832,726,399.9
2.13,328,832,729,399.9
2.38,322,697,737,399.9
2.29,319,697,729,399.9
2.21,311,697,729,399.9
2.15,304,697,733,399.9
1.95,335,697,729,399.9
1.87,338,697,726,399.9
1.97,323,697,733,399.9
1.96,327,697,733,399.9
1.98,316,697,722,399.9
1.95,294,697,729,399.9
1.92,309,682,737,400
1.89,309,682,733,400
1.9,302,682,733,400
1.78,293,682,733,400
2.02,278,682,740,400
2.24,255,682,740,400
2.16,267,682,722,400
2.05,269,682,729,400
1.94,280,682,733,400
1.76,313,682,711,400
1.87,336,712,715,399.8
1.99,326,712,722,399.8
1.99,333,712,711,399.8
1.99,312,712,715,399.8
2.15,305,712,719,399.8
2.11,314,712,711,399.8
2.19,318,712,704,399.8
2.15,295,712,715,399.8
2.11,300,712,704,399.8
2.2,285,712,693,399.8
2.47,287,652,704,399.9
2.37,302,652,700,399.9
2.39,322,652,689,399.9
2.42,346,652,689,399.9
2.3,404,652,678,399.9
2.16,404,652,678,399.9
2.22,382,652,671,399.9
2.16,382,652,667,399.9
2.24,382,652,671,399.9
2.25,346,652,660,399.9
2.15,350,712,660,400
2.09,336,712,667,400
2.16,331,712,664,400
2.16,340,712,664,400
2.39,350,712,678,400
2.61,346,712,664,400
2.59,370,712,649,400
2.56,373,712,664,400
2.5,380,712,660,400
2.22,397,712,649,400
2.32,404,810,660,399.8
2.41,385,810,642,399.8
2.38,394,810,649,399.8
2.35,379,810,653,399.8
2.48,376,810,646,399.8
2.36,381,810,642,399.8
2.33,388,810,653,399.8
2.3,358,810,653,399.8
2.23,360,810,646,399.8
2.26,345,810,656,399.8
2.56,340,607,660,399.9
2.5,342,607,653,399.9
2.52,352,607,653,399.9
2.6,353,607,653,399.9
2.41,393,607,649,399.9
2.22,384,607,646,399.9
2.21,358,607,660,399.9
2.14,345,607,656,399.9
2.18,340,607,653,399.9
2.19,311,607,667,399.9
2.08,329,652,675,400
1.99,324,652,667,400
2.01,321,652,667,400
1.96,326,652,678,400
2.11,340,652,693,400
2.3,325,652,682,400
2.26,348,652,682,400
2.35,345,652,689,400
2.5,362,652,689,400
2.27,378,652,682,400
2.22,366,840,682,399.8
2.15,326,840,689,399.8
2.02,320,840,697,399.8
1.98,293,840,693,399.8
2.14,282,840,686,399.8
2.08,299,840,693,399.8
2.22,313,840,700,399.8
2.27,303,840,689,399.8
2.23,321,840,693,399.8
2.32,314,840,700,399.8
2.62,317,592,697,399.9
2.61,338,592,686,399.9
2.66,356,592,693,399.9
2.61,353,592,689,399.9
2.36,374,592,678,399.9
2.24,360,592,686,399.9
2.29,343,592,675,399.9
2.24,346,592,682,399.9
2.3,346,592,671,399.9
2.36,330,592,671,399.9
2.33,356,607,675,400
2.29,358,607,682,400
2.33,361,607,682,400
2.27,371,607,675,400
2.46,379,607,689,400
2.64,372,607,686,400
2.69,398,607,671,400
2.9,418,607,682,400
3.07,438,607,678,400
2.82,460,607,671,400
2.75,459,772,671,399.8
2.68,419,772,678,399.8
2.58,414,772,675,399.8
2.5,392,772,671,399.8
2.59,378,772,678,399.8
2.55,397,772,675,399.8
2.62,401,772,660,399.8
2.6,383,772,667,399.8
2.52,383,772,682,399.8
2.63,368,772,675,399.8
3.02,380,682,667,399.9
3.05,409,682,675,399.9
3.13,428,682,671,399.9
3.11,427,682,649,399.9
2.75,451,682,664,399.9
2.52,441,682,664,399.9
2.47,431,682,660,399.9
2.34,436,682,664,399.9
2.33,438,682,671,399.9
2.42,418,682,671,399.9
2.38,421,615,667,400
2.32,404,615,671,400
2.32,385,615,671,400
2.18,371,615,671,400
2.31,359,615,675,400
2.43,340,615,682,400
2.55,363,615,682,400
2.84,389,615,689,400
2.94,397,615,678,400
2.52,406,615,678,400
2.45,407,750,686,399.8
2.4,385,750,682,399.8
2.27,397,750,675,399.8
2.21,379,750,682,399.8
2.34,368,750,697,399.8
2.3,371,750,700,399.8
2.36,367,750,693,399.8
2.33,337,750,693,399.8
2.24,334,750,697,399.8
2.28,324,750,697,399.8
2.68,347,727,693,399.9
2.75,387,727,693,399.9
2.76,402,727,693,399.9
2.62,387,727,686,399.9
2.31,412,727,682,399.9
2.14,410,727,693,399.9
2.2,408,727,686,399.9
2.17,407,727,675,399.9
2.25,414,727,675,399.9
2.26,390,727,682,399.9
2.25,400,780,671,400
2.23,386,780,660,400
2.23,370,780,675,400
2.11,360,780,675,400
2.34,368,780,671,400
2.73,366,780,667,400
2.89,400,780,671,400
2.97,400,780,678,400
3.04,402,780,678,400
2.7,408,780,667,400
2.55,416,847,671,399.9
2.5,399,847,682,399.9
2.43,424,847,671,399.9
2.43,420,847,671,399.9
2.62,421,847,678,399.9
2.61,437,847,660,399.9
2.63,442,847,671,399.9
2.67,416,847,664,399.9
2.69,428,847,653,399.9
2.81,417,847,667,399.9
3.18,423,742,660,399.9
3.15,436,742,656,399.9
3.1,442,742,660,399.9
2.93,424,742,649,399.9
2.59,445,742,653,399.9
2.45,446,742,653,399.9
2.59,441,742,642,399.9
2.5,438,742,653,399.9
2.61,434,742,649,399.9
2.68,410,742,646,399.9
2.59,424,735,656,400
2.5,420,735,660,400
2.4,413,735,653,400
2.26,411,735,653,400
2.62,428,735,664,400
3.02,438,735,667,400
3.16,462,735,660,400
3.23,450,735,660,400
3.19,441,735,664,400
2.78,439,735,664,400
2.7,437,847,675,399.8
2.63,414,847,664,399.8
2.58,419,847,667,399.8
2.54,395,847,675,399.8
2.66,374,847,693,399.8
2.57,372,847,689,399.8
2.57,378,847,689,399.8
2.5,367,847,693,399.8
2.49,393,847,693,399.8
2.66,394,847,700,399.8
3,405,757,689,399.9
2.94,418,757,693,399.9
2.92,412,757,700,399.9
2.68,388,757,700,399.9
2.35,406,757,689,399.9
2.2,392,757,693,399.9
2.26,367,757,704,399.9
2.26,369,757,689,399.9
2.35,379,757,689,399.9
2.48,372,757,697,399.9
2.51,400,750,704,400
2.43,407,750,697,400
2.4,403,750,693,400
2.27,408,750,700,400
2.69,423,750,711,400
3.05,422,750,697,400
2.99,418,750,693,400
2.88,392,750,704,400
2.8,365,750,689,400
2.51,377,750,682,400
2.43,393,832,689,399.8
2.49,404,832,686,399.8
2.48,438,832,678,399.8
2.54,441,832,678,399.8
2.73,442,832,689,399.8
2.68,455,832,682,399.8
2.69,464,832,675,399.8
2.71,442,832,682,399.8
2.68,455,832,682,399.8
2.89,441,832,678,399.8
3.27,437,802,678,399.9
3.23,446,802,682,399.9
3.24,455,802,671,399.9
3.09,454,802,671,399.9
2.75,492,802,671,399.9
2.63,499,802,667,399.9
2.68,481,802,671,399.9
2.6,461,802,667,399.9
2.65,434,802,656,399.9
2.66,391,802,653,399.9
2.54,401,765,671,400
2.43,407,765,671,400
2.44,409,765,660,400
2.42,432,765,671,400
2.84,445,765,667,400
3.24,434,765,667,400
3.24,439,765,660,400
3.13,412,765,664,400
3.03,392,765,664,400
2.65,413,765,656,400
2.54,419,930,664,399.8
2.51,406,930,660,399.8
2.45,423,930,649,399.8
2.5,410,930,664,399.8
2.65,391,930,664,399.8
2.57,384,930,667,399.8
2.57,374,930,667,399.8
2.62,369,930,660,399.8
2.62,395,930,664,399.8
2.79,394,930,667,399.8
3.1,374,697,671,399.9
3,371,697,675,399.9
2.97,356,697,671,399.9
2.73,345,697,667,399.9
2.4,376,697,682,399.9
2.27,376,697,675,399.9
2.37,359,697,682,399.9
2.24,364,697,671,399.9
2.21,362,697,678,399.9
2.23,338,697,678,399.9
2.18,349,667,689,400
2.11,353,667,682,400
2.15,352,667,675,400
2.2,381,667,686,400
2.6,427,667,686,400
2.93,432,667,686,400
2.95,447,667,682,400
2.93,427,667,664,400
2.87,420,667,675,400
2.5,430,667,671,400
2.43,430,750,649,399.8
2.46,406,750,667,399.8
2.37,421,750,656,399.8
2.35,407,750,660,399.8
2.57,394,750,656,399.8
2.55,402,750,653,399.8
2.65,423,750,649,399.8
2.7,425,750,660,399.8
2.73,462,750,638,399.8
2.85,459,750,638,399.8
3.09,449,727,649,399.9
3.03,452,727,638,399.9
3.06,458,727,638,399.9
2.9,452,727,631,399.9
2.65,481,727,631,399.9
2.63,481,727,635,399.9
2.79,487,727,627,399.9
2.66,497,727,620,399.9
2.7,504,727,627,399.9
2.82,485,727,620,399.9
2.82,505,735,620,400
2.85,510,735,627,400
2.98,514,735,624,400
2.96,521,735,616,400
3.27,519,735,620,400
3.47,505,735,620,400
3.5,523,735,616,400
3.5,512,735,620,400
3.49,508,735,616,400
3.11,512,735,598,400
3.03,501,757,609,399.8
3.02,470,757,616,399.8
2.86,490,757,609,399.8
2.77,481,757,605,399.8
2.93,478,757,613,399.8
2.92,502,757,620,399.8
2.96,530,757,609,399.8
3.02,522,757,616,399.8
3.02,538,757,620,399.8
3.08,506,757,616,399.8
3.29,484,832,613,399.9
3.25,480,832,627,399.9
3.26,478,832,616,399.9
3.1,457,832,616,399.9
2.83,473,832,624,399.9
2.75,463,832,627,399.9
2.85,453,832,635,399.9
2.73,451,832,631,399.9
2.78,456,832,635,399.9
2.77,439,832,646,399.9
2.72,463,780,649,400
2.74,476,780,660,400
2.87,486,780,656,400
2.83,492,780,656,400
3.07,487,780,667,400
3.26,466,780,667,400
3.23,485,780,671,400
3.1,474,780,664,400
3.07,465,780,671,400
2.7,471,780,675,400
2.56,450,907,671,399.8
2.53,418,907,664,399.8
2.43,416,907,667,399.8
2.47,408,907,667,399.8
2.74,413,907,671,399.8
2.74,440,907,671,399.8
2.79,454,907,664,399.8
2.85,442,907,675,399.8
2.87,451,907,678,399.8
2.97,430,907,664,399.8
3.19,410,757,671,399.9
3.14,413,757,667,399.9
3.24,416,757,653,399.9
3.16,402,757,664,399.9
2.89,414,757,653,399.9
2.8,416,757,653,399.9
2.88,402,757,664,399.9
2.77,407,757,656,399.9
2.81,428,757,656,399.9
2.86,432,757,656,399.9
2.9,467,772,656,400
2.97,497,772,646,400
3.13,498,772,653,400
3.01,488,772,664,400
3.11,481,772,649,400
3.37,468,772,656,400
3.38,483,772,660,400
3.31,479,772,660,400
3.29,475,772,653,400
3,492,772,653,400
3,500,825,664,399.8
3.04,489,825,660,399.8
2.95,503,825,653,399.8
2.93,509,825,656,399.8
3.17,525,825,660,399.8
3.19,577,825,660,399.8
3.25,609,825,653,399.8
3.24,581,825,660,399.8
3.14,567,825,660,399.8
3.27,529,825,656,399.8
3.55,504,810,646,399.9
3.54,501,810,649,399.9
3.6,510,810,649,399.9
3.42,497,810,649,399.9
3.12,519,810,656,399.9
3,520,810,660,399.9
3.06,517,810,653,399.9
2.93,526,810,649,399.9
2.95,530,810,664,399.9
3.04,511,810,660,399.9
3.12,526,757,660,400
3.17,529,757,660,400
3.16,511,757,656,400
2.96,490,757,664,400
3.11,467,757,664,400
3.3,447,757,660,400
3.29,460,757,664,400
3.34,457,757,667,400
3.35,451,757,671,400
3.03,472,757,660,400
3.01,483,840,667,399.8
3.1,470,840,678,399.8
3.01,491,840,667,399.8
2.94,487,840,660,399.8
3.07,489,840,671,399.8
3.04,508,840,664,399.8
3.01,505,840,653,399.8
2.95,470,840,664,399.8
2.84,470,840,656,399.8
3,456,840,653,399.8
3.28,459,855,653,399.9
3.22,470,855,649,399.9
3.33,485,855,642,399.9
3.28,475,855,653,399.9
3.09,495,855,631,399.9
3.01,487,855,635,399.9
3.1,478,855,642,399.9
2.95,474,855,627,399.9
3.06,497,855,627,399.9
3.23,504,855,624,399.9
3.27,543,847,620,400
3.3,549,847,620,400
3.41,547,847,613,400
3.34,538,847,609,400
3.5,538,847,616,400
3.65,519,847,613,400
3.63,526,847,602,400
3.6,503,847,609,400
3.56,492,847,591,400
3.26,499,847,609,400
3.24,520,900,602,399.8
3.33,514,900,587,399.8
3.38,547,900,598,399.8
3.41,553,900,598,399.8
3.55,564,900,587,399.8
3.44,573,900,594,399.8
3.42,566,900,594,399.8
3.21,530,900,587,399.8
3.08,532,900,587,399.8
3.29,515,900,594,399.8
3.68,517,907,587,399.9
3.67,524,907,576,399.9
3.72,546,907,583,399.9
3.61,541,907,576,399.9
3.32,563,907,580,399.9
3.19,551,907,580,399.9
3.16,542,907,580,399.9
2.98,542,907,569,399.9
3.21,548,907,587,399.9
3.35,538,907,587,399.9
3.34,550,817,580,400
3.34,525,817,587,400
3.39,499,817,591,400
3.3,489,817,591,400
3.51,492,817,583,400
3.71,473,817,587,400
3.65,496,817,594,400
3.62,482,817,605,400
3.6,480,817,602,400
3.21,488,817,594,400
3.1,496,952,591,399.8
3.15,501,952,605,399.8
3.07,536,952,605,399.8
3.04,531,952,602,399.8
3.2,523,952,613,399.8
3.12,531,952,613,399.8
3.14,527,952,616,399.8
3.01,498,952,620,399.8
2.91,501,952,627,399.8
3.02,479,952,624,399.8
3.35,450,810,620,399.9
3.35,437,810,624,399.9
3.37,442,810,627,399.9
3.31,448,810,631,399.9
3.03,476,810,631,399.9
2.86,478,810,627,399.9
3.02,485,810,627,399.9
3.01,501,810,631,399.9
3.25,522,810,616,399.9
3.4,516,810,627,399.9
3.4,522,727,627,400
3.36,508,727,620,400
3.31,482,727,613,400
3.17,481,727,624,400
3.35,471,727,620,400
3.62,461,727,605,400
3.67,482,727,613,400
3.69,481,727,616,400
3.67,485,727,602,400
3.35,509,727,605,400
3.27,529,817,613,399.8
3.35,534,817,609,399.8
3.34,569,817,605,399.8
3.3,575,817,609,399.8
3.42,567,817,613,399.8
3.36,574,817,602,399.8
3.43,577,817,605,399.8
3.4,567,817,613,399.8
3.42,575,817,609,399.8
3.64,554,817,605,399.8
3.97,538,750,613,399.9
3.98,541,750,598,399.9
4.06,551,750,605,399.9
3.93,538,750,605,399.9
3.58,558,750,591,399.9
3.41,566,750,598,399.9
3.5,566,750,598,399.9
3.55,577,750,591,399.9
3.75,583,750,594,399.9
3.87,575,750,594,399.9
3.83,591,810,591,400
3.73,572,810,587,400
3.73,561,810,591,400
3.53,571,810,598,400
3.65,575,810,587,400
3.89,570,810,587,400
3.99,595,810,591,400
3.98,598,810,587,400
3.93,601,810,583,400
3.6,601,810,591,400
3.5,598,825,583,399.8
3.57,580,825,580,399.8
3.53,594,825,591,399.8
3.46,569,825,594,399.8
3.51,534,825,591,399.8
3.38,528,825,591,399.8
3.37,520,825,602,399.8
3.32,502,825,605,399.8
3.26,506,825,594,399.8
3.47,507,825,591,399.8
3.79,503,877,602,399.9
3.82,525,877,602,399.9
3.9,539,877,602,399.9
3.74,534,877,598,399.9
3.41,552,877,602,399.9
3.3,555,877,602,399.9
3.48,559,877,598,399.9
3.45,568,877,598,399.9
3.58,564,877,598,399.9
3.61,533,877,605,399.9
3.48,536,840,609,400
3.4,529,840,598,400
3.32,525,840,598,400
3.15,534,840,602,400
3.37,545,840,594,400
3.66,535,840,591,400
3.77,561,840,591,400
3.79,557,840,587,400
3.86,558,840,583,400
3.64,577,840,587,400
3.62,592,952,583,399.8
3.73,589,952,576,399.8
3.67,603,952,576,399.8
3.59,572,952,576,399.8
3.65,557,952,573,399.8
3.52,558,952,576,399.8
3.55,566,952,569,399.8
3.52,548,952,554,399.8
3.44,563,952,569,399.8
3.63,548,952,562,399.8
3.98,549,892,562,399.9
3.92,564,892,565,399.9
3.96,589,892,558,399.9
3.89,590,892,554,399.9
3.69,612,892,554,399.9
3.73,617,892,551,399.9
3.95,623,892,547,399.9
3.88,621,892,551,399.9
3.93,617,892,540,399.9
3.98,593,892,547,399.9
3.9,598,862,551,400
3.8,587,862,540,400
3.81,589,862,547,400
3.65,593,862,540,400
3.86,599,862,540,400
4.15,588,862,540,400
4.3,606,862,543,400
4.38,597,862,540,400
4.46,599,862,529,400
4.17,607,862,540,400
4.01,616,967,540,399.8
4.02,601,967,540,399.8
3.92,619,967,543,399.8
3.83,597,967,551,399.8
3.83,590,967,547,399.8
3.64,596,967,543,399.8
3.7,613,967,558,399.8
3.65,602,967,562,399.8
3.6,609,967,547,399.8
3.75,582,967,554,399.8
4.13,575,945,565,399.9
4.13,567,945,573,399.9
4.14,572,945,558,399.9
4.01,557,945,558,399.9
3.89,586,945,562,399.9
3.98,590,945,576,399.9
4.23,593,945,569,399.9
4.05,591,945,565,399.9
3.95,587,945,576,399.9
3.83,569,945,583,399.9
3.7,581,840,587,400
3.64,566,840,580,400
3.68,548,840,576,400
3.53,540,840,591,400
3.7,534,840,591,400
4.02,525,840,587,400
4.13,555,840,583,400
4.17,568,840,583,400
4.32,587,840,587,400
4.11,616,840,573,400
4.07,629,952,580,399.8
4.02,603,952,580,399.8
3.87,587,952,569,399.8
3.74,554,952,576,399.8
3.77,520,952,569,399.8
3.59,524,952,565,399.8
3.61,531,952,562,399.8
3.64,536,952,573,399.8
3.55,553,952,562,399.8
3.76,562,952,558,399.8
4.13,582,870,562,399.9
4.17,600,870,569,399.9
4.24,630,870,565,399.9
4.21,638,870,562,399.9
4.16,664,870,565,399.9
4.26,663,870,562,399.9
4.45,646,870,551,399.9
4.27,636,870,562,399.9
4.3,628,870,569,399.9
4.29,615,870,547,399.9
4.17,641,967,554,400
4.08,646,967,558,400
4.13,655,967,558,400
4.09,676,967,558,400
4.35,685,967,547,400
4.62,655,967,554,400
4.68,639,967,558,400
4.63,618,967,551,400
4.71,612,967,547,400
4.5,633,967,547,400
4.41,647,975,551,399.8
4.24,624,975,547,399.8
3.97,630,975,547,399.8
3.82,608,975,558,399.8
3.9,585,975,562,399.8
3.75,588,975,551,399.8
3.77,581,975,551,399.8
3.77,563,975,562,399.8
3.75,563,975,547,399.8
3.94,549,975,547,399.8
4.26,538,1005,558,399.9
4.29,548,1005,547,399.9
4.41,566,1005,540,399.9
4.4,576,1005,547,399.9
4.3,601,1005,543,399.9
4.32,598,1005,540,399.9
4.4,574,1005,540,399.9
4.16,569,1005,551,399.9
4.11,555,1005,551,399.9
4.13,548,1005,551,399.9
4.01,560,952,551,400
4.02,559,952,558,400
4.07,541,952,565,400
3.9,554,952,569,400
4.05,550,952,558,400
4.31,549,952,558,400
4.34,571,952,562,400
4.4,585,952,573,400
4.58,590,952,573,400
4.35,610,952,562,400
4.22,607,1102,558,399.8
4.06,583,1102,569,399.8
3.84,583,1102,569,399.8
3.73,566,1102,562,399.8
3.83,561,1102,554,399.8
3.72,580,1102,562,399.8
3.72,599,1102,562,399.8
3.66,589,1102,558,399.8
3.62,600,1102,554,399.8
3.9,590,1102,562,399.8
4.26,589,1005,558,399.9
4.3,605,1005,547,399.9
4.49,627,1005,554,399.9
4.56,628,1005,547,399.9
4.45,655,1005,536,399.9
4.41,648,1005,547,399.9
4.43,636,1005,529,399.9
4.15,630,1005,529,399.9
4.12,634,1005,543,399.9
4.12,619,1005,536,399.9
4.02,644,990,532,400
3.94,643,990,540,400
3.99,640,990,525,400
3.93,641,990,518,400
4.18,641,990,529,400
4.56,641,990,518,400
4.78,677,990,507,400
4.9,681,990,518,400
4.99,683,990,510,400
4.73,692,990,507,400
4.61,686,1057,518,399.8
4.51,673,1057,518,399.8
4.36,678,1057,507,399.8
4.33,667,1057,510,399.8
4.46,662,1057,510,399.8
4.28,672,1057,510,399.8
4.21,682,1057,510,399.8
4.11,673,1057,510,399.8
4.15,675,1057,507,399.8
4.42,660,1057,503,399.8
4.72,646,1050,510,399.9
4.78,658,1050,507,399.9
4.94,682,1050,500,399.9
5,681,1050,507,399.9
4.71,701,1050,518,399.9
4.57,677,1050,503,399.9
4.59,660,1050,503,399.9
4.36,673,1050,503,399.9
4.29,682,1050,507,399.9
4.33,669,1050,507,399.9
4.3,687,960,518,400
4.23,678,960,518,400
4.29,674,960,514,400
4.2,669,960,514,400
4.42,667,960,521,400
4.78,662,960,529,400
4.98,685,960,532,400
5.04,688,960,532,400
4.98,683,960,529,400
4.62,680,960,529,400
4.48,669,952,540,399.8
4.34,647,952,551,399.8
4.17,662,952,547,399.8
4.11,650,952,543,399.8
4.24,641,952,551,399.8
4.03,647,952,551,399.8
3.99,656,952,551,399.8
3.92,634,952,554,399.8
3.86,630,952,554,399.8
4.02,614,952,558,399.8
4.34,604,952,558,399.9
4.49,620,952,565,399.9
4.69,644,952,562,399.9
4.7,642,952,558,399.9
4.44,650,952,558,399.9
4.32,635,952,562,399.9
4.36,608,952,562,399.9
4.18,617,952,558,399.9
4.18,613,952,558,399.9
4.29,607,952,558,399.9
4.21,617,967,562,400
4.21,615,967,551,400
4.31,596,967,554,400
4.26,590,967,558,400
4.47,581,967,554,400
4.85,596,967,547,400
5.04,623,967,558,400
5.08,621,967,554,400
4.96,616,967,551,400
4.59,624,967,547,400
4.45,627,1020,554,399.8
4.34,618,1020,547,399.8
4.26,633,1020,554,399.8
4.25,628,1020,554,399.8
4.36,630,1020,551,399.8
4.17,644,1020,547,399.8
4.15,661,1020,551,399.8
4.02,656,1020,554,399.8
3.94,662,1020,547,399.8
4.2,661,1020,547,399.8
4.71,662,952,554,399.9
4.85,682,952,554,399.9
5.04,695,952,547,399.9
5.12,692,952,554,399.9
4.96,718,952,558,399.9
4.86,724,952,551,399.9
4.89,724,952,547,399.9
4.73,734,952,554,399.9
4.71,731,952,558,399.9
4.78,706,952,540,399.9
4.67,723,952,551,400
4.61,712,952,554,400
4.61,708,952,551,400
4.42,706,952,547,400
4.59,712,952,551,400
4.96,702,952,558,400
5.1,724,952,551,400
5.07,715,952,547,400
4.91,698,952,558,400
4.57,694,952,558,400
4.52,689,1110,554,399.8
4.48,664,1110,551,399.8
4.4,662,1110,551,399.8
4.32,637,1110,554,399.8
4.39,610,1110,558,399.8
4.25,613,1110,558,399.8
4.23,621,1110,565,399.8
4.1,612,1110,558,399.8
4.02,622,1110,551,399.8
4.32,636,1110,562,399.8
4.87,656,1005,565,399.9
5,686,1005,565,399.9
5.03,698,1005,558,399.9
4.88,681,1005,562,399.9
4.62,682,1005,562,399.9
4.5,667,1005,562,399.9
4.54,647,1005,551,399.9
4.36,643,1005,558,399.9
4.39,637,1005,551,399.9
4.51,627,1005,551,399.9
4.41,655,1035,558,400
4.27,657,1035,551,400
4.42,662,1035,543,400
4.49,673,1035,547,400
4.73,684,1035,529,400
5.03,672,1035,536,400
5.15,690,1035,540,400
5.13,689,1035,525,400
5.02,690,1035,529,400
4.72,701,1035,529,400
4.71,717,1170,518,399.8
4.67,706,1170,529,399.8
4.55,725,1170,521,399.8
4.48,702,1170,518,399.8
4.59,688,1170,518,399.8
4.49,688,1170,525,399.8
4.46,693,1170,510,399.8
4.36,670,1170,518,399.8
4.27,679,1170,518,399.8
4.62,681,1170,500,399.8
5.18,701,1087,507,399.9
5.26,712,1087,507,399.9
5.3,724,1087,496,399.9
5.18,714,1087,500,399.9
4.93,739,1087,507,399.9
4.77,731,1087,503,399.9
4.83,719,1087,492,399.9
4.65,710,1087,500,399.9
4.65,695,1087,503,399.9
4.75,679,1087,489,399.9
4.66,701,1005,489,400
4.64,697,1005,500,400
4.81,711,1005,492,400
4.83,727,1005,489,400
5,738,1005,503,400
5.23,728,1005,496,400
5.27,744,1005,489,400
5.22,731,1005,500,400
5.13,719,1005,496,400
4.85,724,1005,489,400
4.79,720,1162,485,399.8
4.72,706,1162,492,399.8
4.62,717,1162,489,399.8
4.61,698,1162,478,399.8
4.77,685,1162,500,399.8
4.71,688,1162,492,399.8
4.65,706,1162,489,399.8
4.56,694,1162,489,399.8
4.58,709,1162,496,399.8
4.81,701,1162,500,399.8
5.25,703,960,503,400
5.16,693,960,496,400
5.08,677,960,503,400
4.8,648,960,496,400
4.54,668,960,510,400
4.4,659,960,510,400
4.48,645,960,518,400
4.43,649,960,518,400
4.45,655,960,518,400
4.51,643,960,525,400
4.44,671,930,529,400
4.45,672,930,532,400
4.68,690,930,529,400
4.68,709,930,521,400
4.82,699,930,532,400
5.03,675,930,525,400
5.08,675,930,510,400
5.05,657,930,529,400
5.02,644,930,521,400
4.8,654,930,500,400
4.85,660,1042,514,399.8
4.8,651,1042,514,399.8
4.71,657,1042,507,399.8
4.63,651,1042,510,399.8
4.65,642,1042,507,399.8
4.48,659,1042,500,399.8
4.46,680,1042,507,399.8
4.59,688,1042,507,399.8
4.76,712,1042,503,399.8
5,710,1042,503,399.8
5.36,710,952,507,399.9
5.35,719,952,492,399.9
5.36,721,952,492,399.9
5.18,708,952,496,399.9
4.99,720,952,500,399.9
4.97,719,952,496,399.9
5.11,713,952,492,399.9
5.06,727,952,500,399.9
5.11,725,952,503,399.9
5.12,712,952,489,399.9
5.03,733,1080,496,400
4.9,726,1080,500,400
4.99,733,1080,492,400
4.93,751,1080,489,400
5.09,744,1080,492,400
5.25,720,1080,496,400
5.21,722,1080,492,400
5.23,709,1080,496,400
5.23,706,1080,492,400
5.05,715,1080,496,400
5.12,719,1072,489,399.8
5.1,705,1072,481,399.8
5.04,722,1072,492,399.8
4.97,713,1072,489,399.8
5.03,701,1072,485,399.8
4.82,710,1072,489,399.8
4.88,731,1072,500,399.8
4.93,748,1072,496,399.8
4.87,771,1072,485,399.8
5.05,758,1072,496,399.8
5.37,740,1057,496,399.9
5.34,745,1057,500,399.9
5.36,743,1057,500,399.9
5.22,725,1057,500,399.9
4.96,733,1057,507,399.9
4.85,713,1057,503,399.9
4.91,688,1057,496,399.9
4.8,682,1057,507,399.9
4.77,672,1057,507,399.9
4.88,675,1057,507,399.9
4.82,704,990,500,400
4.77,716,990,507,400
4.92,719,990,507,400
4.84,729,990,514,400
4.93,716,990,514,400
5.05,694,990,510,400
5.12,713,990,518,400
5.19,714,990,521,400
5.22,700,990,507,400
5.01,712,990,510,400
4.99,729,1200,514,399.8
4.89,714,1200,510,399.8
4.72,727,1200,500,399.8
4.62,712,1200,510,399.8
4.62,701,1200,507,399.8
4.58,720,1200,496,399.8
4.74,753,1200,500,399.8
4.85,761,1200,503,399.8
4.82,766,1200,496,399.8
4.96,737,1200,496,399.8
5.26,712,1102,485,399.9
5.26,710,1102,474,399.9
5.37,728,1102,485,399.9
5.34,724,1102,485,399.9
5.18,750,1102,481,399.9
5.19,750,1102,481,399.9
5.28,743,1102,481,399.9
5.15,748,1102,470,399.9
5.16,754,1102,481,399.9
5.23,758,1102,474,399.9
5.28,793,1050,467,400
5.2,800,1050,485,400
5.19,799,1050,478,400
5.11,795,1050,463,400
5.3,784,1050,474,400
5.54,762,1050,474,400
5.67,773,1050,463,400
5.7,769,1050,467,400
5.67,763,1050,470,400
5.34,765,1050,467,400
5.28,771,1155,463,399.8
5.23,753,1155,470,399.8
5.09,762,1155,470,399.8
5.04,752,1155,463,399.8
5.19,752,1155,474,399.8
5.22,775,1155,478,399.8
5.35,805,1155,459,399.8
5.4,810,1155,474,399.8
5.31,804,1155,478,399.8
5.48,769,1155,459,399.8
5.72,747,1140,470,399.9
5.71,746,1140,474,399.9
5.68,750,1140,470,399.9
5.51,744,1140,470,399.9
5.28,766,1140,474,399.9
5.26,766,1140,478,399.9
5.36,767,1140,478,399.9
5.24,780,1140,474,399.9
5.34,789,1140,485,399.9
5.49,783,1140,492,399.9
5.47,818,1065,492,400
5.34,809,1065,489,400
5.28,801,1065,481,400
5.16,793,1065,496,400
5.39,769,1065,496,400
5.61,734,1065,496,400
5.63,741,1065,489,400
5.66,726,1065,500,400
5.66,710,1065,507,400
5.36,715,1065,503,400
5.31,718,1177,492,399.8
5.21,698,1177,507,399.8
5,705,1177,510,399.8
4.99,706,1177,510,399.8
5.17,717,1177,507,399.8
5.18,747,1177,510,399.8
5.37,786,1177,510,399.8
5.35,783,1177,500,399.8
5.29,777,1177,510,399.8
5.42,747,1177,507,399.8
5.61,718,1027,492,399.9
5.58,726,1027,500,399.9
5.57,712,1027,500,399.9
5.47,699,1027,489,399.9
5.24,715,1027,496,399.9
5.28,718,1027,496,399.9
5.38,714,1027,485,399.9
5.31,734,1027,485,399.9
5.37,758,1027,500,399.9
5.52,774,1027,485,399.9
5.53,817,1177,481,400
5.44,818,1177,489,400
5.32,792,1177,478,400
5.16,780,1177,474,400
5.36,766,1177,478,400
5.57,744,1177,478,400
5.66,752,1177,474,400
5.76,751,1177,478,400
5.81,758,1177,485,400
5.55,775,1177,474,400
5.54,789,1140,467,399.8
5.39,786,1140,478,399.8
5.25,825,1140,474,399.8
5.34,851,1140,474,399.8
5.52,864,1140,474,399.8
5.45,870,1140,474,399.8
5.51,860,1140,485,399.8
5.46,818,1140,478,399.8
5.32,792,1140,470,399.8
5.42,756,1140,467,399.8
5.71,735,1207,478,399.9
5.71,753,1207,463,399.9
5.71,776,1207,463,399.9
5.66,781,1207,474,399.9
5.48,792,1207,474,399.9
5.38,784,1207,467,399.9
5.44,763,1207,459,399.9
5.29,773,1207,478,399.9
5.38,776,1207,489,399.9
5.44,766,1207,474,399.9
5.45,775,1155,474,400
5.47,769,1155,481,400
5.37,744,1155,474,400
5.16,745,1155,467,400
5.32,729,1155,474,400
5.61,709,1155,481,400
5.72,721,1155,478,400
5.67,729,1155,470,400
5.61,721,1155,478,400
5.41,726,1155,478,400
5.44,724,1305,470,399.8
5.32,716,1305,474,399.8
5.29,727,1305,478,399.8
5.44,743,1305,485,399.8
5.62,741,1305,489,399.8
5.49,757,1305,481,399.8
5.41,751,1305,481,399.8
5.29,741,1305,496,399.8
5.15,747,1305,489,399.8
5.29,742,1305,489,399.8
5.57,734,1177,485,399.9
5.65,750,1177,489,399.9
5.74,763,1177,481,399.9
5.63,746,1177,481,399.9
5.43,750,1177,489,399.9
5.29,741,1177,478,399.9
5.39,739,1177,478,399.9
5.43,765,1177,481,399.9
5.52,779,1177,474,399.9
5.49,761,1177,467,399.9
5.44,776,1050,474,400
5.36,765,1050,467,400
5.29,762,1050,459,400
5.16,776,1050,470,400
5.41,789,1050,459,400
5.6,780,1050,456,400
5.64,800,1050,456,400
5.66,799,1050,448,400
5.67,809,1050,452,400
5.52,819,1050,441,400
5.45,833,1230,434,399.8
5.39,840,1230,437,399.8
5.4,867,1230,441,399.8
5.57,871,1230,423,399.8
5.8,862,1230,441,399.8
5.68,856,1230,434,399.8
5.67,851,1230,430,399.8
5.62,833,1230,427,399.8
5.6,841,1230,441,399.8
5.79,821,1230,427,399.8
6.08,803,1162,419,399.9
6.06,816,1162,430,399.9
6.07,830,1162,427,399.9
5.98,822,1162,416,399.9
5.81,840,1162,419,399.9
5.77,837,1162,427,399.9
5.95,837,1162,427,399.9
5.86,859,1162,419,399.9
5.89,861,1162,423,399.9
5.86,839,1162,427,399.9
5.8,848,1125,419,400
5.75,833,1125,430,400
5.74,822,1125,434,400
5.63,832,1125,427,400
5.82,828,1125,419,400
5.99,817,1125,430,400
5.98,841,1125,423,400
5.98,844,1125,416,400
5.97,845,1125,427,400
5.76,859,1125,434,400
5.74,875,1162,427,399.8
5.68,870,1162,427,399.8
5.69,892,1162,434,399.8
5.73,891,1162,437,399.8
5.85,878,1162,445,399.8
5.64,875,1162,437,399.8
5.62,864,1162,441,399.8
5.57,840,1162,448,399.8
5.47,847,1162,448,399.8
5.66,821,1162,448,399.8
5.96,797,1087,445,399.9
5.96,808,1087,456,399.9
5.98,817,1087,456,399.9
5.95,798,1087,456,399.9
5.87,806,1087,456,399.9
5.82,806,1087,456,399.9
5.93,805,1087,463,399.9
5.86,821,1087,467,399.9
5.88,827,1087,463,399.9
5.85,812,1087,459,399.9
5.77,826,1185,467,400
5.65,811,1185,467,400
5.55,798,1185,459,400
5.48,809,1185,459,400
5.7,796,1185,459,400
5.89,775,1185,474,400
5.95,783,1185,456,400
5.98,782,1185,456,400
6,764,1185,463,400
5.76,773,1185,459,400
5.81,793,1192,459,399.8
5.93,802,1192,459,399.8
5.94,809,1192,470,399.8
5.92,799,1192,459,399.8
5.99,779,1192,459,399.8
5.85,780,1192,467,399.8
5.82,782,1192,470,399.8
5.74,780,1192,467,399.8
5.65,794,1192,448,399.8
5.92,778,1192,470,399.8
6.3,772,1155,459,399.9
6.3,791,1155,459,399.9
6.26,802,1155,467,399.9
6.16,799,1155,470,399.9
6.05,821,1155,467,399.9
5.97,831,1155,459,399.9
6.07,831,1155,467,399.9
5.98,841,1155,470,399.9
5.98,837,1155,459,399.9
5.89,807,1155,467,399.9
5.78,823,1245,470,400
5.75,821,1245,470,400
5.71,817,1245,467,400
5.69,835,1245,459,400
6.04,850,1245,467,400
6.32,851,1245,467,400
6.34,881,1245,456,400
6.32,891,1245,452,400
6.24,879,1245,474,400
6.06,886,1245,470,400
6.18,895,1260,459,399.8
6.2,878,1260,459,399.8
6.12,878,1260,474,399.8
6.06,859,1260,470,399.8
6.14,830,1260,463,399.8
5.99,833,1260,459,399.8
5.94,835,1260,481,399.8
5.91,822,1260,474,399.8
5.86,836,1260,470,399.8
6.12,823,1260,467,399.8
6.42,813,1267,470,399.9
6.37,822,1267,478,399.9
6.3,834,1267,478,399.9
6.27,831,1267,474,399.9
6.19,856,1267,474,399.9
6.18,858,1267,478,399.9
6.13,841,1267,481,399.9
6,832,1267,492,399.9
5.88,801,1267,485,399.9
5.77,769,1267,485,399.9
5.64,777,1110,485,400
5.61,772,1110,492,400
5.6,762,1110,500,400
5.59,775,1110,489,400
5.85,787,1110,481,400
6.13,784,1110,492,400
6.1,805,1110,492,400
6.15,818,1110,478,400
6.2,820,1110,485,400
6.06,821,1110,496,400
6.26,839,1327,485,399.8
6.27,839,1327,478,399.8
6.13,830,1327,485,399.8
6.05,807,1327,467,399.8
6.1,781,1327,478,399.8
5.98,795,1327,485,399.8
5.93,808,1327,478,399.8
5.85,809,1327,467,399.8
5.83,833,1327,474,399.8
6.01,837,1327,467,399.8
6.34,843,1132,452,399.9
6.34,853,1132,463,399.9
6.42,865,1132,452,399.9
6.45,869,1132,448,399.9
6.37,904,1132,456,399.9
6.29,895,1132,456,399.9
6.18,874,1132,448,399.9
6.02,853,1132,456,399.9
5.95,842,1132,448,399.9
5.87,819,1132,437,399.9
5.86,837,1252,448,400
5.91,833,1252,445,400
5.94,831,1252,437,400
5.88,848,1252,445,400
6.08,860,1252,445,400
6.34,851,1252,434,400
6.37,861,1252,441,400
6.33,857,1252,445,400
6.37,852,1252,437,400
6.32,877,1252,437,400
6.42,894,1215,434,399.8
6.45,889,1215,423,399.8
6.37,892,1215,430,399.8
6.3,870,1215,434,399.8
6.3,862,1215,434,399.8
6.12,881,1215,423,399.8
6.1,889,1215,434,399.8
6.06,882,1215,427,399.8
6.03,896,1215,423,399.8
6.25,884,1215,423,399.8
6.58,859,1230,427,399.9
6.53,870,1230,416,399.9
6.52,868,1230,430,399.9
6.54,866,1230,427,399.9
6.48,886,1230,427,399.9
6.38,873,1230,423,399.9
6.26,848,1230,434,399.9
6.13,840,1230,434,399.9
6.15,829,1230,430,399.9
6.09,802,1230,434,399.9
6.01,821,1237,437,400
5.91,819,1237,452,400
5.85,805,1237,445,400
5.7,798,1237,448,400
5.89,798,1237,434,400
6.04,773,1237,448,400
6.04,799,1237,448,400
6.1,816,1237,456,400
6.24,839,1237,445,400
6.15,861,1237,448,400
6.19,882,1372,452,399.8
6.13,860,1372,463,399.8
6.04,870,1372,470,399.8
6.07,854,1372,463,399.8
6.1,839,1372,456,399.8
5.98,845,1372,467,399.8
5.95,834,1372,467,399.8
5.97,829,1372,459,399.8
5.92,826,1372,456,399.8
6.1,809,1372,463,399.8
6.34,786,1260,459,399.9
6.35,815,1260,452,399.9
6.45,833,1260,456,399.9
6.49,840,1260,445,399.9
6.44,862,1260,437,399.9
6.31,857,1260,448,399.9
6.18,834,1260,437,399.9
6.03,835,1260,445,399.9
6.04,832,1260,448,399.9
6,820,1260,441,399.9
5.95,838,1102,434,400
5.97,846,1102,441,400
6.08,844,1102,445,400
5.98,855,1102,441,400
6.2,855,1102,441,400
6.44,840,1102,452,400
6.6,865,1102,448,400
6.82,890,1102,430,400
6.96,905,1102,437,400
6.78,910,1102,445,400
6.79,902,1342,448,399.8
6.66,867,1342,445,399.8
6.52,864,1342,441,399.8
6.4,849,1342,445,399.8
6.35,835,1342,448,399.8
6.2,850,1342,445,399.8
6.19,857,1342,437,399.8
6.17,854,1342,448,399.8
6.14,860,1342,437,399.8
6.3,851,1342,430,399.8
6.6,843,1267,434,399.9
6.73,874,1267,437,399.9
6.87,893,1267,434,399.9
6.83,880,1267,427,399.9
6.8,892,1267,437,399.9
6.71,878,1267,441,399.9
6.62,861,1267,430,399.9
6.43,866,1267,434,399.9
6.52,859,1267,437,399.9
6.47,848,1267,448,399.9
6.33,867,1185,445,400
6.24,869,1185,434,400
6.22,865,1185,434,400
6.08,876,1185,437,400
6.22,881,1185,445,400
6.36,865,1185,437,400
6.51,879,1185,437,400
6.75,891,1185,445,400
6.87,899,1185,448,400
6.61,889,1185,441,400
6.46,871,1252,445,399.8
6.27,843,1252,452,399.8
6.13,842,1252,456,399.8
6.07,832,1252,448,399.8
6.11,818,1252,448,399.8
5.96,830,1252,448,399.8
6.04,834,1252,463,399.8
6.15,836,1252,459,399.8
6.11,851,1252,459,399.8
6.28,849,1252,448,399.8
6.63,854,1207,459,399.9
6.73,895,1207,463,399.9
6.82,923,1207,456,399.9
6.66,906,1207,456,399.9
6.42,914,1207,459,399.9
6.32,884,1207,456,399.9
6.2,861,1207,445,399.9
6.01,857,1207,452,399.9
6.05,849,1207,445,399.9
5.99,832,1207,445,399.9
5.94,846,1245,448,400
5.93,830,1245,445,400
6.03,827,1245,434,400
5.96,833,1245,441,400
6.18,842,1245,441,400
6.41,834,1245,434,400
6.62,867,1245,434,400
6.87,894,1245,437,400
6.95,900,1245,441,400
6.71,902,1245,427,400
6.64,899,1365,434,399.8
6.45,890,1365,434,399.8
6.29,902,1365,427,399.8
6.21,898,1365,427,399.8
6.25,885,1365,437,399.8
6.22,914,1365,434,399.8
6.29,925,1365,430,399.8
6.27,913,1365,427,399.8
6.26,912,1365,430,399.8
6.48,895,1365,427,399.8
6.9,893,1252,419,400
6.93,916,1252,427,400
6.9,922,1252,430,400
6.76,903,1252,416,400
6.61,909,1252,423,400
6.48,894,1252,430,400
6.44,887,1252,427,400
6.34,898,1252,423,400
6.31,898,1252,427,400
6.24,885,1252,416,400
6.17,897,1252,408,400
6.18,883,1252,427,400
6.14,873,1252,427,400
6.11,873,1252,419,400
6.36,873,1252,423,400
6.64,869,1252,427,400
6.8,894,1252,427,400
6.92,901,1252,419,400
6.89,903,1252,427,400
6.65,910,1252,437,400
6.55,910,1372,427,399.8
6.41,894,1372,427,399.8
6.35,904,1372,434,399.8
6.26,895,1372,434,399.8
6.29,883,1372,434,399.8
6.22,893,1372,434,399.8
6.27,894,1372,441,399.8
6.29,876,1372,452,399.8
6.29,883,1372,445,399.8
6.47,882,1372,437,399.8
6.9,872,1320,448,399.9
6.95,871,1320,448,399.9
6.91,855,1320,445,399.9
6.7,831,1320,441,399.9
6.52,844,1320,456,399.9
6.5,837,1320,456,399.9
6.58,832,1320,456,399.9
6.52,858,1320,448,399.9
6.54,882,1320,448,399.9
6.46,871,1320,459,399.9
6.32,864,1230,459,400
6.28,841,1230,448,400
6.19,819,1230,452,400
6.01,819,1230,456,400
6.31,827,1230,445,400
6.78,839,1230,437,400
6.95,859,1230,441,400
7.02,854,1230,434,400
6.94,846,1230,434,400
6.74,864,1230,441,400
6.7,886,1335,434,399.7
6.64,889,1335,434,399.7
6.48,911,1335,434,399.7
6.49,901,1335,437,399.7
6.57,892,1335,427,399.7
6.49,909,1335,437,399.7
6.56,914,1335,437,399.7
6.57,900,1335,434,399.7
6.64,913,1335,427,399.7
6.83,910,1335,437,399.7
7.2,899,1215,434,399.9
7.2,908,1215,423,399.9
7.18,916,1215,434,399.9
6.9,917,1215,434,399.9
6.64,934,1215,423,399.9
6.64,947,1215,434,399.9
6.66,943,1215,434,399.9
6.61,951,1215,427,399.9
6.62,937,1215,427,399.9
6.61,913,1215,437,399.9
6.49,908,1327,434,400
6.41,888,1327,430,400
6.3,871,1327,423,400
6.31,883,1327,430,400
6.73,900,1327,427,400
7.1,904,1327,427,400
7.17,908,1327,423,400
7.15,898,1327,434,400
7.05,875,1327,423,400
6.79,889,1327,416,400
6.76,883,1305,430,399.7
6.64,874,1305,430,399.7
6.53,883,1305,419,399.7
6.44,877,1305,419,399.7
6.46,858,1305,423,399.7
6.27,875,1305,419,399.7
6.33,877,1305,427,399.7
6.42,879,1305,419,399.7
6.56,908,1305,423,399.7
6.83,905,1305,430,399.7
7.09,880,1320,427,399.9
7,883,1320,419,399.9
6.92,870,1320,423,399.9
6.76,852,1320,434,399.9
6.65,860,1320,434,399.9
6.74,862,1320,430,399.9
6.74,843,1320,419,399.9
6.66,855,1320,434,399.9
6.68,856,1320,441,399.9
6.61,850,1320,427,399.9
6.45,860,1297,427,400
6.44,867,1297,437,400
6.4,870,1297,437,400
6.36,899,1297,437,400
6.7,919,1297,427,400
6.98,908,1297,437,400
6.98,906,1297,430,400
6.94,879,1297,423,400
6.89,861,1297,434,400
6.74,877,1297,427,400
6.72,883,1522,423,399.7
6.64,875,1522,434,399.7
6.61,895,1522,416,399.7
6.58,896,1522,408,399.7
6.57,897,1522,416,399.7
6.44,911,1522,416,399.7
6.52,924,1522,408,399.7
6.59,931,1522,416,399.7
6.65,964,1522,412,399.7
6.8,966,1522,394,399.7
6.96,946,1357,408,399.9
6.88,950,1357,405,399.9
6.89,951,1357,390,399.9
6.86,942,1357,401,399.9
6.79,965,1357,405,399.9
6.83,971,1357,386,399.9
6.79,972,1357,405,399.9
6.72,979,1357,397,399.9
6.79,979,1357,394,399.9
6.8,955,1357,397,399.9
6.73,969,1192,394,400
6.78,975,1192,394,400
6.85,980,1192,394,400
6.89,994,1192,390,400
7.16,1000,1192,383,400
7.44,978,1192,386,400
7.4,984,1192,390,400
7.34,976,1192,375,400
7.31,970,1192,383,400
7.11,986,1192,386,400
7.14,992,1522,375,399.7
7.1,976,1522,383,399.7
7.05,992,1522,390,399.7
7.04,989,1522,379,399.7
7.07,971,1522,379,399.7
6.95,985,1522,394,399.7
7.02,1000,1522,379,399.7
7.06,1006,1522,383,399.7
7.07,1024,1522,394,399.7
7.22,991,1522,383,399.7
7.38,961,1440,375,399.9
7.31,972,1440,386,399.9
7.25,976,1440,386,399.9
7.19,958,1440,379,399.9
7.03,982,1440,383,399.9
7.02,989,1440,390,399.9
7.03,985,1440,394,399.9
6.95,982,1440,394,399.9
6.96,978,1440,386,399.9
6.85,958,1440,394,399.9
6.74,977,1297,405,400
6.84,990,1297,408,400
7.02,994,1297,405,400
7.13,995,1297,405,400
7.37,977,1297,405,400
7.57,934,1297,419,400
7.58,944,1297,423,400
7.6,935,1297,408,400
7.57,928,1297,405,400
7.42,943,1297,419,400
7.44,954,1575,416,399.7
7.32,951,1575,412,399.7
7.2,972,1575,419,399.7
7.08,973,1575,416,399.7
7.1,959,1575,416,399.7
6.95,980,1575,416,399.7
6.99,986,1575,419,399.7
7.13,980,1575,412,399.7
7.22,984,1575,416,399.7
7.38,967,1575,412,399.7
7.59,932,1440,401,399.9
7.51,934,1440,405,399.9
7.46,940,1440,408,399.9
7.4,926,1440,405,399.9
7.28,935,1440,401,399.9
7.25,938,1440,412,399.9
7.22,934,1440,408,399.9
7.11,946,1440,401,399.9
7.04,956,1440,405,399.9
6.88,941,1440,412,399.9
6.75,959,1290,419,400
6.97,981,1290,412,400
7.2,985,1290,405,400
7.19,986,1290,412,400
7.42,967,1290,408,400
7.59,935,1290,416,400
7.62,945,1290,401,400
7.56,953,1290,408,400
7.48,950,1290,416,400
7.38,968,1290,416,400
7.44,984,1485,401,399.7
7.32,979,1485,416,399.7
7.19,994,1485,419,399.7
7.08,988,1485,408,399.7
7.15,981,1485,408,399.7
7.05,1017,1485,419,399.7
7.25,1032,1485,416,399.7
7.22,1025,1485,405,399.7
7.19,1034,1485,412,399.7
7.43,1014,1485,412,399.7
7.71,992,1297,408,399.9
7.69,1003,1297,405,399.9
7.72,1007,1297,416,399.9
7.66,993,1297,408,399.9
7.56,1008,1297,401,399.9
7.58,1004,1297,408,399.9
7.56,984,1297,412,399.9
7.38,983,1297,401,399.9
7.31,989,1297,401,399.9
7.27,976,1297,412,399.9
7.33,1004,1417,419,400
7.5,1011,1417,412,400
7.51,1012,1417,405,400
7.4,1005,1417,416,400
7.62,986,1417,408,400
7.8,954,1417,401,400
7.84,967,1417,408,400
7.83,958,1417,408,400
7.75,951,1417,405,400
7.57,965,1417,405,400
7.53,979,1560,416,399.6
7.49,961,1560,416,399.6
7.36,966,1560,405,399.6
7.26,961,1560,401,399.6
7.37,965,1560,416,399.6
7.36,999,1560,408,399.6
7.5,1009,1560,405,399.6
7.51,983,1560,408,399.6
7.49,991,1560,405,399.6
7.73,971,1560,386,399.6
8.05,964,1365,405,399.9
8.12,977,1365,390,399.9
8.1,992,1365,383,399.9
7.85,996,1365,386,399.9
7.66,1027,1365,386,399.9
7.65,1034,1365,383,399.9
7.69,1030,1365,379,399.9
7.57,1031,1365,357,399.9
7.61,1040,1365,372,399.9
7.67,1037,1365,364,399.9
7.7,1049,1402,372,400
7.77,1039,1402,368,400
7.69,1025,1402,357,400
7.59,1017,1402,357,400
7.74,993,1402,361,400
7.99,965,1402,343,400
8.04,970,1402,354,400
8.04,967,1402,357,400
7.98,977,1402,343,400
7.79,1001,1402,350,400
7.73,1020,1612,346,399.6
7.73,1023,1612,332,399.6
7.65,1043,1612,343,399.6
7.63,1048,1612,335,399.6
7.72,1049,1612,335,399.6
7.63,1075,1612,335,399.6
7.68,1073,1612,343,399.6
7.47,1046,1612,332,399.6
7.48,1049,1612,335,399.6
7.75,1023,1612,335,399.6
8.02,995,1372,332,399.9
8.08,991,1372,335,399.9
8.1,1008,1372,335,399.9
7.94,1015,1372,324,399.9
7.84,1041,1372,324,399.9
7.82,1032,1372,335,399.9
7.82,1030,1372,332,399.9
7.78,1046,1372,324,399.9
7.89,1066,1372,335,399.9
7.95,1059,1372,332,399.9
7.87,1076,1410,332,400
7.89,1071,1410,332,400
7.82,1059,1410,335,400
7.8,1061,1410,335,400
8.03,1051,1410,328,400
8.22,1039,1410,343,400
8.3,1047,1410,332,400
8.33,1049,1410,328,400
8.31,1042,1410,328,400
8.09,1049,1410,335,400
8.04,1051,1657,332,399.6
8,1047,1657,335,399.6
8.05,1067,1657,343,399.6
7.98,1063,1657,343,399.6
8.02,1052,1657,346,399.6
7.92,1060,1657,346,399.6
7.86,1052,1657,350,399.6
7.72,1033,1657,346,399.6
7.77,1029,1657,357,399.6
8.07,1007,1657,354,399.6
8.37,981,1417,346,399.9
8.3,995,1417,354,399.9
8.17,999,1417,357,399.9
8,997,1417,357,399.9
7.84,1021,1417,354,399.9
7.76,1031,1417,354,399.9
7.7,1029,1417,361,399.9
7.7,1038,1417,357,399.9
7.87,1057,1417,346,399.9
8.01,1057,1417,361,399.9
7.96,1075,1462,364,400
7.98,1063,1462,350,400
7.93,1050,1462,346,400
7.95,1044,1462,354,400
8.22,1039,1462,339,400
8.47,1019,1462,343,400
8.5,1041,1462,346,400
8.51,1050,1462,343,400
8.48,1054,1462,343,400
8.26,1072,1462,346,400
8.15,1079,1552,343,399.7
8.08,1073,1552,335,399.7
8.21,1099,1552,335,399.7
8.21,1094,1552,354,399.7
8.25,1074,1552,343,399.7
8.06,1078,1552,343,399.7
8.05,1071,1552,346,399.7
7.86,1047,1552,343,399.7
7.92,1044,1552,335,399.7
8.18,1030,1552,339,399.7
8.46,1013,1560,343,399.9
8.39,1017,1560,339,399.9
8.41,1024,1560,343,399.9
8.34,1023,1560,343,399.9
8.13,1045,1560,343,399.9
8.03,1061,1560,346,399.9
7.98,1053,1560,335,399.9
7.98,1078,1560,343,399.9
8.18,1091,1560,354,399.9
8.31,1080,1560,346,399.9
8.2,1080,1455,343,400.1
8.15,1067,1455,343,400.1
8.1,1045,1455,343,400.1
8.09,1045,1455,339,400.1
8.41,1037,1455,332,400.1
8.65,1021,1455,339,400.1
8.81,1044,1455,343,400.1
8.92,1059,1455,335,400.1
8.85,1061,1455,335,400.1
8.52,1081,1455,339,400.1
8.46,1090,1597,343,399.7
8.42,1096,1597,332,399.7
8.42,1130,1597,346,399.7
8.36,1117,1597,350,399.7
8.3,1090,1597,350,399.7
7.99,1091,1597,343,399.7
7.84,1089,1597,350,399.7
7.69,1075,1597,354,399.7
7.79,1090,1597,343,399.7
8.18,1080,1597,346,399.7
8.53,1072,1522,350,399.9
8.48,1084,1522,346,399.9
8.5,1092,1522,346,399.9
8.34,1085,1522,354,399.9
8.09,1105,1522,357,399.9
8,1101,1522,357,399.9
8.15,1087,1522,354,399.9
8.22,1100,1522,350,399.9
8.31,1108,1522,354,399.9
8.28,1085,1522,350,399.9
8.14,1071,1410,354,400
8.03,1056,1410,346,400
7.88,1048,1410,354,400
7.85,1064,1410,357,400
8.23,1059,1410,346,400
8.57,1047,1410,346,400
8.7,1071,1410,346,400
8.68,1088,1410,339,400
8.54,1083,1410,339,400
8.37,1105,1410,343,400
8.36,1129,1732,332,399.7
8.39,1127,1732,335,399.7
8.5,1146,1732,343,399.7
8.43,1136,1732,328,399.7
8.35,1111,1732,328,399.7
8.14,1125,1732,335,399.7
8.06,1118,1732,324,399.7
7.91,1106,1732,321,399.7
7.95,1113,1732,332,399.7
8.24,1105,1732,321,399.7
8.59,1102,1500,321,399.9
8.72,1108,1500,328,399.9
8.76,1107,1500,313,399.9
8.59,1091,1500,313,399.9
8.44,1118,1500,324,399.9
8.4,1130,1500,324,399.9
8.56,1139,1500,317,399.9
8.62,1137,1500,321,399.9
8.71,1129,1500,321,399.9
8.56,1104,1500,306,399.9
8.42,1109,1552,321,400
8.28,1093,1552,324,400
8.13,1087,1552,313,400
8.01,1098,1552,306,400
8.32,1100,1552,317,400
8.6,1087,1552,317,400
8.71,1098,1552,302,400
8.69,1099,1552,310,400
8.67,1098,1552,313,400
8.47,1128,1552,317,400
8.44,1145,1740,306,399.7
8.55,1137,1740,317,399.7
8.58,1139,1740,317,399.7
8.48,1104,1740,321,399.7
8.38,1078,1740,310,399.7
8.25,1086,1740,313,399.7
8.2,1086,1740,321,399.7
7.96,1074,1740,328,399.7
7.96,1088,1740,317,399.7
8.29,1084,1740,313,399.7
8.6,1083,1597,324,399.8
8.64,1100,1597,321,399.8
8.65,1123,1597,317,399.8
8.48,1119,1597,324,399.8
8.37,1152,1597,335,399.8
8.46,1179,1597,332,399.8
8.71,1182,1597,328,399.8
8.74,1180,1597,328,399.8
8.84,1168,1597,332,399.8
8.75,1150,1597,332,399.8
8.54,1165,1567,324,400
8.41,1150,1567,339,400
8.28,1135,1567,335,400
8.21,1138,1567,328,400
8.59,1123,1567,324,400
8.98,1102,1567,335,400
8.92,1092,1567,332,400
8.86,1073,1567,328,400
8.87,1085,1567,328,400
8.7,1119,1567,332,400
8.65,1151,1665,324,399.7
8.65,1146,1665,321,399.7
8.63,1157,1665,332,399.7
8.52,1136,1665,324,399.7
8.42,1115,1665,317,399.7
8.23,1115,1665,317,399.7
8.16,1124,1665,328,399.7
8.04,1109,1665,313,399.7
8.11,1119,1665,306,399.7
8.46,1104,1665,321,399.7
8.93,1094,1642,313,399.9
8.92,1096,1642,302,399.9
8.9,1108,1642,313,399.9
8.69,1106,1642,313,399.9
8.61,1136,1642,310,399.9
8.65,1152,1642,302,399.9
8.82,1154,1642,313,399.9
8.83,1145,1642,310,399.9
8.81,1134,1642,306,399.9
8.68,1116,1642,313,399.9
8.51,1135,1530,317,400
8.35,1138,1530,313,400
8.26,1141,1530,306,400
8.33,1162,1530,306,400
8.78,1170,1530,310,400
9.15,1154,1530,302,400
9.25,1164,1530,302,400
9.2,1164,1530,306,400
9.17,1160,1530,302,400
8.97,1175,1530,302,400
8.84,1168,1702,306,399.7
8.7,1136,1702,313,399.7
8.68,1132,1702,306,399.7
8.58,1108,1702,306,399.7
8.46,1088,1702,310,399.7
8.3,1107,1702,313,399.7
8.17,1113,1702,313,399.7
7.99,1112,1702,302,399.7
7.99,1132,1702,295,399.7
8.34,1126,1702,310,399.7
8.72,1101,1612,306,399.9
8.62,1108,1612,299,399.9
8.6,1124,1612,310,399.9
8.53,1131,1612,306,399.9
8.54,1163,1612,306,399.9
8.63,1179,1612,306,399.9
8.75,1161,1612,310,399.9
8.7,1138,1612,313,399.9
8.7,1119,1612,302,399.9
8.53,1105,1612,302,399.9
8.41,1119,1500,306,400
8.32,1113,1500,310,400
8.26,1106,1500,306,400
8.31,1113,1500,299,400
8.68,1112,1500,310,400
9.04,1086,1500,317,400
9.13,1101,1500,306,400
9.09,1120,1500,306,400
9.14,1141,1500,313,400
8.94,1172,1500,313,400
8.82,1178,1770,313,399.7
8.77,1153,1770,313,399.7
8.77,1149,1770,313,399.7
8.72,1136,1770,313,399.7
8.65,1115,1770,313,399.7
8.5,1134,1770,317,399.7
8.38,1147,1770,306,399.7
8.18,1152,1770,306,399.7
8.19,1164,1770,306,399.7
8.54,1156,1770,291,399.7
8.86,1128,1515,299,399.9
8.83,1146,1515,291,399.9
8.84,1181,1515,277,399.9
8.81,1205,1515,291,399.9
8.73,1239,1515,284,399.9
8.75,1246,1515,277,399.9
8.83,1221,1515,281,399.9
8.85,1214,1515,277,399.9
8.87,1209,1515,273,399.9
8.73,1195,1515,281,399.9
8.61,1205,1522,281,399.9
8.38,1210,1522,270,399.9
8.36,1208,1522,273,399.9
8.45,1220,1522,277,399.9
8.93,1209,1522,266,399.9
9.26,1184,1522,270,399.9
9.35,1206,1522,270,399.9
9.31,1223,1522,266,399.9
9.33,1229,1522,262,399.9
9.11,1247,1522,270,399.9
8.97,1241,1672,266,399.7
8.8,1218,1672,255,399.7
8.83,1217,1672,270,399.7
8.81,1212,1672,270,399.7
8.73,1198,1672,259,399.7
8.66,1205,1672,270,399.7
8.53,1203,1672,266,399.7
8.28,1203,1672,262,399.7
8.33,1215,1672,255,399.7
8.77,1201,1672,262,399.7
9.1,1172,1560,262,399.9
9.07,1195,1560,251,399.9
9.19,1223,1560,262,399.9
9.25,1240,1560,262,399.9
9.03,1260,1560,255,399.9
8.91,1254,1560,262,399.9
9.02,1223,1560,262,399.9
9.07,1218,1560,259,399.9
9.06,1212,1560,255,399.9
8.89,1196,1560,262,399.9
8.77,1213,1627,266,400
8.66,1220,1627,270,400
8.48,1218,1627,259,400
8.52,1212,1627,259,400
8.89,1196,1627,270,400
9.19,1187,1627,266,400
9.26,1221,1627,262,400
9.29,1242,1627,270,400
9.24,1236,1627,277,400
8.98,1237,1627,281,400
8.88,1232,1680,273,399.7
8.88,1222,1680,273,399.7
8.89,1227,1680,277,399.7
8.85,1219,1680,288,399.7
8.8,1202,1680,288,399.7
8.7,1215,1680,291,399.7
8.64,1214,1680,284,399.7
8.4,1207,1680,284,399.7
8.37,1209,1680,295,399.7
8.78,1193,1680,302,399.7
9.13,1168,1710,288,399.8
9.24,1188,1710,291,399.8
9.42,1221,1710,295,399.8
9.38,1226,1710,299,399.8
9.13,1236,1710,291,399.8
9.02,1232,1710,291,399.8
9.1,1209,1710,291,399.8
9.16,1205,1710,291,399.8
9.12,1192,1710,284,399.8
9,1168,1710,295,399.8
8.88,1185,1597,299,400
8.76,1184,1597,284,400
8.6,1176,1597,284,400
8.4,1178,1597,295,400
8.79,1178,1597,277,400
9.27,1172,1597,288,400
9.43,1206,1597,284,400
9.35,1206,1597,281,400
9.24,1192,1597,284,400
8.9,1202,1597,295,400
8.74,1202,1717,284,399.8
8.66,1181,1717,281,399.8
8.73,1194,1717,281,399.8
8.64,1180,1717,291,399.8
8.63,1168,1717,295,399.8
8.57,1189,1717,299,399.8
8.45,1205,1717,288,399.8
8.21,1194,1717,291,399.8
8.19,1205,1717,299,399.8
8.56,1192,1717,306,399.8
9.04,1181,1620,302,399.9
9.15,1203,1620,291,399.9
9.36,1232,1620,306,399.9
9.34,1237,1620,302,399.9
9.11,1256,1620,291,399.9
8.97,1250,1620,306,399.9
8.98,1234,1620,306,399.9
9.02,1239,1620,295,399.9
8.99,1240,1620,299,399.9
8.87,1225,1620,310,399.9
8.8,1250,1665,306,400
8.68,1246,1665,299,400
8.47,1235,1665,302,400
8.51,1242,1665,302,400
9,1241,1665,299,400
9.55,1221,1665,299,400
9.64,1246,1665,306,400
9.49,1238,1665,302,400
9.33,1223,1665,295,400
9.05,1226,1665,306,400
9.01,1229,1657,295,399.8
8.98,1205,1657,295,399.8
9.17,1219,1657,302,399.8
9.14,1205,1657,306,399.8
9.09,1200,1657,299,399.8
8.9,1209,1657,306,399.8
8.79,1215,1657,302,399.8
8.54,1199,1657,310,399.8
8.46,1222,1657,306,399.8
8.93,1214,1657,299,399.8
9.59,1212,1747,306,399.8
9.7,1237,1747,306,399.8
9.67,1254,1747,306,399.8
9.42,1236,1747,299,399.8
9.1,1247,1747,310,399.8
8.95,1228,1747,306,399.8
8.93,1216,1747,306,399.8
8.94,1208,1747,302,399.8
9,1206,1747,310,399.8
8.88,1207,1747,295,399.8
8.87,1244,1665,295,400
8.74,1244,1665,302,400
8.63,1247,1665,295,400
8.63,1266,1665,288,400
9.02,1263,1665,291,400
9.46,1239,1665,270,400
9.54,1262,1665,284,400
9.43,1257,1665,284,400
9.14,1240,1665,262,400
8.74,1237,1665,273,400
8.63,1244,1725,281,399.7
8.64,1223,1725,270,399.7
8.74,1234,1725,270,399.7
8.71,1223,1725,270,399.7
8.61,1211,1725,270,399.7
8.5,1211,1725,262,399.7
8.46,1219,1725,266,399.7
8.32,1213,1725,270,399.7
8.39,1237,1725,262,399.7
8.95,1253,1725,259,399.7
9.47,1259,1582,270,399.9
9.51,1276,1582,259,399.9
9.52,1282,1582,259,399.9
9.33,1273,1582,262,399.9
9.01,1298,1582,266,399.9
8.89,1304,1582,255,399.9
9.03,1295,1582,259,399.9
9.15,1296,1582,266,399.9
9.21,1290,1582,251,399.9
9.04,1262,1582,248,399.9
8.97,1273,1455,259,400.1
8.83,1261,1455,248,400.1
8.69,1257,1455,248,400.1
8.71,1264,1455,259,400.1
9.24,1262,1455,251,400.1
9.59,1243,1455,248,400.1
9.59,1268,1455,255,400.1
9.48,1253,1455,251,400.1
9.38,1245,1455,248,400.1
9.14,1256,1455,251,400.1
9.09,1270,1747,251,399.7
9.05,1263,1747,248,399.7
9.06,1276,1747,244,399.7
9.09,1269,1747,259,399.7
9.06,1254,1747,262,399.7
8.91,1261,1747,255,399.7
8.77,1265,1747,255,399.7
8.56,1260,1747,259,399.7
8.67,1279,1747,259,399.7
9.24,1280,1747,251,399.7
9.69,1267,1612,262,399.9
9.62,1271,1612,262,399.9
9.67,1267,1612,248,399.9
9.53,1264,1612,255,399.9
9.13,1290,1612,262,399.9
9.01,1288,1612,270,399.9
9.1,1266,1612,270,399.9
9.23,1266,1612,259,399.9
9.31,1263,1612,262,399.9
9.22,1249,1612,273,399.9
9.17,1256,1575,273,400
9.02,1245,1575,270,400
8.95,1255,1575,262,400
9.11,1282,1575,273,400
9.56,1283,1575,277,400
9.71,1243,1575,266,400
9.61,1255,1575,270,400
9.5,1242,1575,277,400
9.46,1242,1575,270,400
9.2,1253,1575,259,400
9.17,1270,1875,262,399.7
9.21,1259,1875,259,399.7
9.29,1269,1875,262,399.7
9.29,1253,1875,255,399.7
9.28,1239,1875,273,399.7
9.12,1239,1875,259,399.7
8.94,1262,1875,259,399.7
8.72,1260,1875,255,399.7
9,1282,1875,262,399.7
9.59,1281,1875,248,399.7
9.97,1276,1717,255,399.8
9.9,1278,1717,262,399.8
9.91,1275,1717,248,399.8
9.71,1266,1717,255,399.8
9.41,1300,1717,262,399.8
9.33,1291,1717,259,399.8
9.47,1284,1717,251,399.8
9.56,1289,1717,255,399.8
9.6,1292,1717,251,399.8
9.43,1277,1717,248,399.8
9.32,1292,1620,259,400
9.19,1289,1620,259,400
9.11,1300,1620,251,400
9.2,1325,1620,255,400
9.55,1319,1620,255,400
9.85,1286,1620,240,400
9.89,1302,1620,251,400
9.86,1301,1620,259,400
9.76,1299,1620,251,400
9.47,1318,1620,244,400
9.42,1332,1710,255,399.7
9.48,1325,1710,259,399.7
9.59,1334,1710,248,399.7
9.53,1318,1710,244,399.7
9.41,1301,1710,259,399.7
9.31,1301,1710,266,399.7
9.43,1311,1710,251,399.7
9.35,1315,1710,248,399.7
9.5,1333,1710,255,399.7
9.92,1315,1710,251,399.7
10.28,1290,1770,244,399.9
10.23,1288,1770,255,399.9
10.19,1295,1770,259,399.9
9.93,1280,1770,251,399.9
9.67,1310,1770,248,399.9
9.58,1317,1770,251,399.9
9.66,1315,1770,255,399.9
9.8,1314,1770,251,399.9
9.84,1307,1770,244,399.9
9.7,1285,1770,259,399.9
9.68,1307,1650,270,400
9.53,1311,1650,259,400
9.4,1320,1650,255,400
9.3,1331,1650,262,400
9.61,1315,1650,255,400
9.85,1274,1650,251,400
9.88,1291,1650,262,400
9.76,1288,1650,255,400
9.7,1294,1650,255,400
9.45,1324,1650,255,400
9.5,1350,1830,259,399.8
9.57,1340,1830,255,399.8
9.61,1339,1830,244,399.8
9.6,1317,1830,251,399.8
9.38,1297,1830,251,399.8
9.19,1312,1830,240,399.8
9.19,1329,1830,244,399.8
9.05,1337,1830,244,399.8
9.08,1356,1830,244,399.8
9.5,1335,1830,237,399.8
9.91,1304,1695,237,399.9
9.9,1312,1695,244,399.9
9.82,1321,1695,229,399.9
9.58,1322,1695,233,399.9
9.36,1346,1695,233,399.9
9.39,1355,1695,226,399.9
9.55,1342,1695,233,399.9
9.72,1334,1695,237,399.9
9.75,1327,1695,233,399.9
9.71,1309,1695,229,399.9
9.61,1334,1755,233,400
9.42,1336,1755,240,400
9.31,1329,1755,233,400
9.26,1321,1755,229,400
9.57,1305,1755,229,400
9.78,1270,1755,229,400
9.82,1286,1755,229,400
9.77,1284,1755,226,400
9.69,1286,1755,240,400
9.37,1315,1755,233,400
9.29,1332,1725,229,399.9
9.33,1321,1725,229,399.9
9.4,1325,1725,233,399.9
9.36,1306,1725,233,399.9
9.24,1294,1725,226,399.9
9.16,1319,1725,237,399.9
9.2,1341,1725,237,399.9
9,1344,1725,229,399.9
9.01,1353,1725,233,399.9
9.45,1337,1725,229,399.9
9.91,1299,1755,226,399.9
9.86,1302,1755,233,399.9
9.8,1315,1755,233,399.9
9.57,1323,1755,229,399.9
9.4,1353,1755,226,399.9
9.44,1370,1755,237,399.9
9.57,1353,1755,233,399.9
9.69,1335,1755,229,399.9
9.74,1314,1755,240,399.9
9.77,1306,1755,240,399.9
9.64,1346,1635,233,400
9.35,1339,1635,237,400
9.04,1311,1635,240,400
9.02,1304,1635,244,400
9.34,1283,1635,237,400
9.6,1258,1635,237,400
9.61,1277,1635,248,400
9.6,1286,1635,248,400
9.52,1294,1635,237,400
9.34,1320,1635,240,400
9.37,1328,1890,251,399.9
9.45,1318,1890,240,399.9
9.52,1329,1890,237,399.9
9.56,1320,1890,248,399.9
9.56,1312,1890,255,399.9
9.47,1336,1890,244,399.9
9.43,1373,1890,248,399.9
9.29,1373,1890,248,399.9
9.32,1383,1890,244,399.9
9.67,1345,1890,233,399.9
9.99,1311,1725,244,399.9
9.9,1320,1725,237,399.9
9.85,1335,1725,229,399.9
9.75,1315,1725,248,399.9
9.65,1339,1725,222,399.9
9.65,1337,1725,233,399.9
9.83,1326,1725,229,399.9
9.89,1316,1725,226,399.9
10,1315,1725,226,399.9
10.09,1312,1725,226,399.9
10.07,1342,1657,222,400
9.79,1339,1657,222,400
9.53,1320,1657,222,400
9.33,1312,1657,218,400
9.69,1322,1657,208,400
10,1303,1657,222,400
10.09,1334,1657,211,400
10.11,1347,1657,215,400
10.14,1366,1657,222,400
10.01,1391,1657,215,400
9.99,1405,1875,211,399.8
9.97,1397,1875,215,399.8
9.93,1396,1875,218,399.8
10.05,1395,1875,218,399.8
10.23,1382,1875,211,399.8
10.19,1396,1875,222,399.8
10.03,1393,1875,226,399.8
9.73,1365,1875,222,399.8
9.68,1360,1875,218,399.8
9.93,1328,1875,211,399.8
10.26,1299,1770,218,399.8
10.19,1307,1770,233,399.8
10.15,1308,1770,226,399.8
10.03,1302,1770,218,399.8
9.93,1328,1770,229,399.8
9.87,1329,1770,218,399.8
9.96,1321,1770,222,399.8
10.13,1316,1770,211,399.8
10.16,1321,1770,229,399.8
10.1,1322,1770,226,399.8
10.02,1344,1740,222,400
9.72,1322,1740,218,400
9.38,1305,1740,226,400
9.15,1305,1740,222,400
9.49,1300,1740,211,400
9.84,1286,1740,222,400
9.93,1310,1740,222,400
9.95,1327,1740,218,400
9.97,1338,1740,208,400
9.76,1358,1740,222,400
9.73,1364,1965,222,399.8
9.68,1353,1965,222,399.8
9.76,1363,1965,215,399.8
10.04,1367,1965,222,399.8
10.13,1368,1965,215,399.8
9.96,1377,1965,222,399.8
9.79,1373,1965,233,399.8
9.44,1352,1965,233,399.8
9.32,1372,1965,218,399.8
9.59,1354,1965,218,399.8
9.94,1341,1725,233,399.8
9.92,1361,1725,211,399.8
10.04,1374,1725,222,399.8
10.02,1370,1725,226,399.8
9.83,1395,1725,208,399.8
9.73,1403,1725,211,399.8
9.92,1399,1725,218,399.8
10.1,1415,1725,208,399.8
10.22,1408,1725,208,399.8
10.15,1400,1725,211,399.8
9.99,1415,1680,200,400
9.65,1405,1680,200,400
9.44,1386,1680,204,400
9.49,1380,1680,186,400
9.89,1374,1680,186,400
10.21,1358,1680,200,400
10.24,1385,1680,186,400
10.24,1391,1680,186,400
10.23,1391,1680,189,400
9.95,1407,1680,182,400
9.89,1413,1762,178,399.9
9.86,1395,1762,182,399.9
9.9,1406,1762,182,399.9
10.06,1406,1762,175,399.9
10.11,1395,1762,186,399.9
9.88,1396,1762,186,399.9
9.7,1382,1762,182,399.9
9.45,1371,1762,175,399.9
9.44,1381,1762,189,399.9
9.8,1364,1762,178,399.9
10.24,1353,1845,178,399.8
10.18,1385,1845,178,399.8
10.14,1404,1845,175,399.8
10.16,1402,1845,167,399.8
10.02,1412,1845,171,399.8
9.92,1411,1845,164,399.8
10.06,1406,1845,167,399.8
10.2,1426,1845,171,399.8
10.41,1421,1845,167,399.8
10.25,1395,1845,164,399.8
10.06,1394,1762,175,400
9.84,1386,1762,175,400
9.67,1369,1762,167,400
9.61,1368,1762,149,400
9.99,1356,1762,167,400
10.33,1348,1762,164,400
10.33,1363,1762,160,400
10.34,1377,1762,167,400
10.39,1384,1762,171,400
10.08,1406,1762,160,400
9.82,1417,1830,160,399.8
9.72,1417,1830,175,399.8
9.89,1427,1830,171,399.8
10.16,1420,1830,167,399.8
10.13,1409,1830,178,399.8
9.88,1404,1830,178,399.8
9.76,1399,1830,175,399.8
9.53,1385,1830,171,399.8
9.45,1391,1830,182,399.8
9.74,1367,1830,182,399.8
10.15,1354,1807,178,399.9
10.2,1376,1807,175,399.9
10.19,1404,1807,182,399.9
10.1,1398,1807,182,399.9
9.92,1409,1807,182,399.9
9.76,1405,1807,175,399.9
9.9,1412,1807,182,399.9
10.03,1431,1807,193,399.9
10.24,1434,1807,193,399.9
10.05,1411,1807,186,399.9
9.82,1410,1800,193,400
9.6,1385,1800,197,400
9.54,1367,1800,186,400
9.54,1376,1800,182,400
9.9,1373,1800,189,400
10.21,1357,1800,189,400
10.22,1376,1800,182,400
10.15,1384,1800,182,400
10.07,1374,1800,189,400
9.77,1385,1800,186,400
9.71,1405,1935,178,399.8
9.74,1403,1935,182,399.8
9.99,1411,1935,178,399.8
10.19,1389,1935,171,399.8
10.13,1369,1935,182,399.8
9.83,1371,1935,186,399.8
9.69,1373,1935,178,399.8
9.53,1355,1935,182,399.8
9.55,1366,1935,182,399.8
9.91,1350,1935,171,399.8
10.37,1345,1830,175,399.9
10.47,1368,1830,182,399.9
10.46,1392,1830,182,399.9
10.35,1393,1830,182,399.9
10.17,1421,1830,178,399.9
9.99,1433,1830,182,399.9
10.19,1438,1830,193,399.9
10.31,1435,1830,189,399.9
10.42,1418,1830,189,399.9
10.19,1394,1830,189,399.9
9.98,1408,1830,197,400
9.83,1399,1830,200,400
9.8,1395,1830,197,400
9.77,1408,1830,182,400
10.23,1413,1830,197,400
10.65,1407,1830,193,400
10.61,1433,1830,189,400
10.43,1438,1830,186,400
10.32,1430,1830,200,400
10.1,1449,1830,204,400
10.22,1481,1890,189,399.7
10.36,1482,1890,193,399.7
10.4,1478,1890,200,399.7
10.4,1440,1890,193,399.7
10.33,1415,1890,197,399.7
10.09,1410,1890,193,399.7
9.9,1404,1890,197,399.7
9.64,1376,1890,204,399.7
9.71,1383,1890,208,399.7
10.06,1370,1890,193,399.7
10.49,1372,1762,200,399.8
10.43,1385,1762,200,399.8
10.36,1400,1762,197,399.8
10.16,1396,1762,189,399.8
10.02,1436,1762,204,399.8
9.96,1445,1762,208,399.8
10.18,1433,1762,193,399.8
10.3,1417,1762,197,399.8
10.28,1402,1762,200,399.8
9.97,1372,1762,208,399.8
9.75,1387,1710,197,400
9.6,1375,1710,197,400
9.6,1380,1710,204,400
9.59,1390,1710,204,400
9.96,1408,1710,186,400
10.26,1402,1710,193,400
10.18,1421,1710,193,400
9.93,1411,1710,200,400
9.72,1406,1710,186,400
9.45,1423,1710,189,400
9.58,1455,1807,189,399.8
9.77,1438,1807,193,399.8
9.93,1424,1807,178,399.8
9.98,1387,1807,193,399.8
9.82,1365,1807,186,399.8
9.54,1370,1807,178,399.8
9.38,1376,1807,182,399.8
9.19,1360,1807,164,399.8
9.17,1370,1807,167,399.8
9.56,1362,1807,164,399.8
10.07,1365,1755,153,399.8
10.08,1385,1755,160,399.8
9.95,1403,1755,160,399.8
9.9,1411,1755,138,399.8
9.8,1451,1755,164,399.8
9.77,1459,1755,164,399.8
9.87,1443,1755,156,399.8
10.07,1434,1755,156,399.8
10.15,1421,1755,156,399.8
10.01,1406,1755,145,399.8
9.89,1417,1672,160,400
9.74,1404,1672,156,400
9.52,1399,1672,149,400
9.4,1416,1672,145,400
9.81,1426,1672,153,400
10.23,1407,1672,149,400
10.21,1425,1672,138,400
10.05,1426,1672,149,400
10.1,1421,1672,142,400
10.07,1447,1672,138,400
10.19,1469,1837,142,399.7
10.19,1459,1837,149,399.7
10.23,1453,1837,142,399.7
10.11,1421,1837,142,399.7
9.88,1399,1837,153,399.7
9.65,1404,1837,149,399.7
9.55,1411,1837,149,399.7
9.29,1399,1837,142,399.7
9.28,1409,1837,149,399.7
9.6,1395,1837,142,399.7
10.06,1375,1822,138,399.9
10.01,1385,1822,149,399.9
9.91,1408,1822,138,399.9
10.01,1419,1822,149,399.9
10.02,1454,1822,142,399.9
9.9,1455,1822,149,399.9
9.96,1418,1822,149,399.9
10.04,1409,1822,156,399.9
10.08,1395,1822,153,399.9
9.93,1360,1822,149,399.9
9.79,1362,1777,160,399.9
9.68,1356,1777,164,399.9
9.67,1358,1777,156,399.9
9.59,1370,1777,149,399.9
9.88,1371,1777,156,399.9
10.16,1344,1777,164,399.9
10.1,1369,1777,164,399.9
10,1376,1777,153,399.9
10.08,1389,1777,167,399.9
10.04,1420,1777,171,399.9
10.07,1437,1912,167,399.8
10.08,1421,1912,160,399.8
10.17,1424,1912,175,399.8
10.17,1405,1912,160,399.8
10.08,1396,1912,160,399.8
9.77,1400,1912,175,399.8
9.65,1404,1912,178,399.8
9.53,1394,1912,164,399.8
9.64,1415,1912,160,399.8
9.95,1400,1912,164,399.8
10.35,1384,1845,153,399.9
10.23,1394,1845,156,399.9
10.19,1422,1845,164,399.9
10.23,1419,1845,160,399.9
10.15,1450,1845,153,399.9
9.99,1434,1845,160,399.9
10.05,1408,1845,164,399.9
10.12,1392,1845,153,399.9
10.16,1387,1845,149,399.9
9.87,1372,1845,164,399.9
9.67,1389,1747,160,399.9
9.54,1373,1747,153,399.9
9.5,1368,1747,167,399.9
9.44,1378,1747,164,399.9
9.75,1373,1747,149,399.9
10.12,1346,1747,149,399.9
10.13,1367,1747,156,399.9
10.15,1381,1747,164,399.9
10.18,1396,1747,153,399.9
9.91,1416,1747,167,399.9
9.88,1419,1957,171,399.8
10,1393,1957,164,399.8
10.02,1392,1957,164,399.8
9.93,1375,1957,167,399.8
9.84,1367,1957,167,399.8
9.66,1380,1957,167,399.8
9.59,1383,1957,164,399.8
9.5,1381,1957,171,399.8
9.53,1394,1957,171,399.8
9.75,1384,1957,160,399.8
10.1,1371,1702,160,399.8
10.14,1392,1702,167,399.8
10.15,1410,1702,167,399.8
10.16,1409,1702,156,399.8
10.02,1426,1702,156,399.8
9.83,1422,1702,164,399.8
9.9,1395,1702,167,399.8
9.96,1386,1702,160,399.8
10.09,1376,1702,156,399.8
9.95,1374,1702,160,399.8
9.88,1391,1657,160,400
9.77,1387,1657,164,400
9.78,1384,1657,164,400
9.67,1387,1657,160,400
9.91,1383,1657,156,400
10.2,1351,1657,160,400
10.31,1377,1657,164,400
10.35,1403,1657,153,400
10.38,1416,1657,156,400
10.14,1429,1657,164,400
10.14,1434,1912,156,399.8
10.21,1410,1912,153,399.8
10.29,1415,1912,153,399.8
10.2,1395,1912,160,399.8
10.13,1380,1912,164,399.8
9.92,1392,1912,153,399.8
9.86,1402,1912,160,399.8
9.71,1400,1912,167,399.8
9.69,1415,1912,156,399.8
9.87,1398,1912,156,399.8
10.31,1403,1717,164,399.7
10.36,1441,1717,153,399.7
10.37,1463,1717,153,399.7
10.27,1440,1717,156,399.7
10.06,1450,1717,138,399.7
9.94,1438,1717,145,399.7
10.11,1423,1717,149,399.7
10.21,1418,1717,138,399.7
10.42,1408,1717,142,399.7
10.21,1389,1717,142,399.7
10.05,1407,1785,138,400
9.95,1403,1785,131,400
9.93,1400,1785,142,400
9.79,1403,1785,135,400
10.06,1403,1785,124,400
10.26,1388,1785,135,400
10.33,1425,1785,127,400
10.33,1444,1785,120,400
10.39,1453,1785,135,400
10.17,1453,1785,131,400
10.13,1449,2070,127,399.7
10.16,1435,2070,131,399.7
10.19,1442,2070,120,399.7
10.19,1433,2070,116,399.7
10.15,1425,2070,131,399.7
9.99,1438,2070,131,399.7
9.95,1455,2070,131,399.7
9.84,1445,2070,127,399.7
9.88,1449,2070,131,399.7
10.15,1431,2070,138,399.7
10.61,1445,1732,131,399.7
10.61,1484,1732,124,399.7
10.56,1492,1732,135,399.7
10.37,1469,1732,131,399.7
10.14,1486,1732,120,399.7
9.99,1474,1732,127,399.7
10.13,1463,1732,135,399.7
10.17,1462,1732,127,399.7
10.31,1451,1732,127,399.7
10.2,1439,1732,131,399.7
10.03,1458,1755,135,400.1
9.88,1454,1755,127,400.1
9.85,1449,1755,131,400.1
9.83,1455,1755,131,400.1
10.29,1463,1755,116,400.1
10.63,1449,1755,127,400.1
10.69,1483,1755,131,400.1
10.66,1496,1755,124,400.1
10.71,1488,1755,127,400.1
10.4,1494,1755,131,400.1
10.26,1506,1920,120,399.8
10.27,1487,1920,120,399.8
10.26,1493,1920,135,399.8
10.28,1465,1920,142,399.8
10.33,1459,1920,131,399.8
10.28,1468,1920,131,399.8
10.26,1476,1920,131,399.8
10.04,1464,1920,142,399.8
9.99,1480,1920,149,399.8
10.32,1467,1920,138,399.8
10.74,1473,1845,135,399.8
10.66,1496,1845,142,399.8
10.53,1503,1845,142,399.8
10.37,1475,1845,142,399.8
10.17,1493,1845,135,399.8
10.06,1485,1845,131,399.8
10.24,1466,1845,138,399.8
10.35,1460,1845,149,399.8
10.55,1462,1845,138,399.8
10.39,1450,1845,138,399.8
10.28,1466,1777,138,400.1
10.17,1449,1777,149,400.1
10.01,1438,1777,142,400.1
9.92,1447,1777,127,400.1
10.44,1468,1777,131,400.1
10.76,1467,1777,135,400.1
10.78,1498,1777,116,400.1
10.66,1502,1777,127,400.1
10.65,1491,1777,135,400.1
10.45,1493,1777,127,400.1
10.38,1510,1852,127,399.8
10.35,1503,1852,127,399.8
10.43,1524,1852,116,399.8
10.52,1511,1852,120,399.8
10.46,1513,1852,131,399.8
10.3,1524,1852,116,399.8
10.19,1527,1852,120,399.8
9.95,1518,1852,127,399.8
10.07,1547,1852,131,399.8
10.5,1549,1852,113,399.8
10.97,1540,1920,124,399.8
10.95,1556,1920,127,399.8
10.88,1570,1920,124,399.8
10.67,1556,1920,124,399.8
10.43,1562,1920,135,399.8
10.34,1558,1920,120,399.8
10.44,1553,1920,120,399.8
10.49,1539,1920,124,399.8
10.67,1524,1920,138,399.8
10.5,1504,1920,142,399.8
10.35,1515,1770,127,400
10.16,1498,1770,131,400
9.99,1478,1770,142,400
10,1485,1770,135,400
10.47,1493,1770,127,400
10.85,1483,1770,131,400
10.82,1496,1770,138,400
10.71,1486,1770,127,400
10.68,1463,1770,124,400
10.42,1468,1770,135,400
10.24,1473,2010,135,399.8
10.12,1455,2010,135,399.8
10.07,1460,2010,124,399.8
10.19,1438,2010,135,399.8
10.2,1425,2010,138,399.8
10.02,1429,2010,142,399.8
9.77,1431,2010,135,399.8
9.58,1428,2010,131,399.8
9.7,1454,2010,145,399.8
10.2,1446,2010,138,399.8
10.67,1429,1920,131,399.8
10.57,1435,1920,142,399.8
10.34,1446,1920,142,399.8
10.14,1433,1920,138,399.8
9.93,1449,1920,131,399.8
9.84,1446,1920,135,399.8
10.03,1434,1920,142,399.8
10.16,1436,1920,142,399.8
10.31,1430,1920,138,399.8
10.18,1420,1920,138,399.8
10.02,1440,1822,145,400
9.86,1428,1822,138,400
9.79,1425,1822,131,400
9.83,1451,1822,138,400
10.41,1464,1822,142,400
10.92,1453,1822,127,400
10.84,1462,1822,131,400
10.61,1458,1822,135,400
10.64,1460,1822,127,400
10.38,1478,1822,120,400
10.1,1485,1845,135,399.8
10.14,1475,1845,120,399.8
10.32,1479,1845,113,399.8
10.36,1465,1845,124,399.8
10.24,1448,1845,124,399.8
10,1460,1845,109,399.8
9.84,1462,1845,116,399.8
9.79,1465,1845,120,399.8
10,1492,1845,105,399.8
10.3,1488,1845,109,399.8
10.61,1463,1897,113,399.8
10.41,1471,1897,109,399.8
10.34,1473,1897,105,399.8
10.18,1463,1897,116,399.8
9.95,1473,1897,116,399.8
9.82,1471,1897,102,399.8
10.06,1466,1897,109,399.8
10.12,1472,1897,113,399.8
10.3,1460,1897,109,399.8
10.2,1451,1897,98,399.8
10.05,1458,1672,109,400
9.89,1453,1672,116,400
9.86,1461,1672,109,400
9.98,1490,1672,113,400
10.5,1487,1672,102,400
10.72,1464,1672,105,400
10.56,1475,1672,113,400
10.48,1478,1672,113,400
10.47,1473,1672,105,400
10.09,1485,1672,109,400
9.95,1492,1987,113,399.7
10.07,1488,1987,109,399.7
10.25,1497,1987,98,399.7
10.36,1481,1987,113,399.7
10.36,1467,1987,109,399.7
10.18,1483,1987,109,399.7
10.11,1480,1987,109,399.7
10.01,1489,1987,109,399.7
10.06,1507,1987,105,399.7
10.29,1482,1987,105,399.7
10.52,1448,1777,102,399.7
10.35,1461,1777,105,399.7
10.33,1479,1777,109,399.7
10.19,1468,1777,113,399.7
9.97,1488,1777,102,399.7
9.88,1489,1777,109,399.7
10.08,1487,1777,116,399.7
10.18,1489,1777,109,399.7
10.38,1479,1777,109,399.7
10.31,1459,1777,120,399.7
10.2,1474,1755,120,400
10.09,1472,1755,120,400
10.11,1472,1755,116,400
10.16,1483,1755,120,400
10.54,1479,1755,127,400
10.71,1454,1755,124,400
10.64,1473,1755,116,400
10.49,1471,1755,120,400
10.41,1474,1755,127,400
10.04,1486,1755,127,400
10.07,1488,2017,116,399.7
10.16,1474,2017,127,399.7
10.25,1469,2017,135,399.7
10.29,1443,2017,124,399.7
10.3,1432,2017,120,399.7
10.19,1449,2017,131,399.7
10.11,1465,2017,131,399.7
10.06,1461,2017,124,399.7
10.18,1472,2017,116,399.7
10.49,1437,2017,131,399.7
10.71,1409,1875,131,399.8
10.59,1424,1875,116,399.8
10.52,1453,1875,124,399.8
10.46,1445,1875,124,399.8
10.35,1470,1875,116,399.8
10.39,1481,1875,109,399.8
10.54,1486,1875,120,399.8
10.55,1484,1875,120,399.8
10.64,1466,1875,116,399.8
10.43,1443,1875,124,399.8
10.22,1464,1845,127,400
10.14,1471,1845,131,400
10.27,1483,1845,120,400
10.35,1495,1845,127,400
10.73,1492,1845,127,400
10.91,1458,1845,131,400
10.86,1479,1845,120,400
10.76,1499,1845,127,400
10.76,1506,1845,138,400
10.54,1526,1845,127,400
10.54,1549,1845,127,399.9
10.65,1537,1845,138,399.9
10.65,1538,1845,135,399.9
10.6,1518,1845,135,399.9
10.6,1517,1845,135,399.9
10.45,1549,1845,145,399.9
10.38,1562,1845,149,399.9
10.31,1548,1845,138,399.9
10.41,1556,1845,131,399.9
10.71,1530,1845,142,399.9
11,1520,1942,145,399.8
10.92,1526,1942,135,399.8
10.93,1543,1942,142,399.8
10.83,1537,1942,145,399.8
10.62,1560,1942,135,399.8
10.43,1544,1942,135,399.8
10.62,1547,1942,142,399.8
10.56,1545,1942,149,399.8
10.66,1537,1942,142,399.8
10.62,1510,1942,142,399.8
10.56,1520,1852,145,400
10.56,1511,1852,142,400
10.56,1522,1852,145,400
10.57,1509,1852,138,400
10.94,1500,1852,149,400
11.15,1472,1852,145,400
11.08,1501,1852,131,400
10.92,1494,1852,149,400
10.93,1500,1852,145,400
10.69,1520,1852,138,400
10.66,1543,1950,142,399.8
10.7,1518,1950,149,399.8
10.78,1518,1950,149,399.8
10.87,1490,1950,142,399.8
11.02,1494,1950,138,399.8
10.84,1516,1950,149,399.8
10.7,1522,1950,145,399.8
10.54,1498,1950,145,399.8
10.5,1500,1950,131,399.8
10.62,1465,1950,145,399.8
10.92,1451,1882,142,399.8
10.93,1460,1882,127,399.8
10.9,1483,1882,138,399.8
10.68,1483,1882,135,399.8
10.46,1510,1882,124,399.8
10.36,1500,1882,120,399.8
10.53,1499,1882,131,399.8
10.64,1503,1882,116,399.8
10.86,1493,1882,113,399.8
10.76,1478,1882,124,399.8
10.62,1507,1890,116,399.9
10.55,1506,1890,102,399.9
10.55,1504,1890,113,399.9
10.47,1497,1890,113,399.9
10.74,1487,1890,94,399.9
11.01,1470,1890,105,399.9
11.02,1499,1890,109,399.9
11,1503,1890,98,399.9
11,1508,1890,94,399.9
10.8,1531,1890,109,399.9
10.78,1554,2002,98,399.9
10.79,1542,2002,87,399.9
10.82,1543,2002,102,399.9
10.95,1523,2002,91,399.9
11.02,1521,2002,98,399.9
10.83,1540,2002,102,399.9
10.62,1544,2002,102,399.9
10.46,1527,2002,98,399.9
10.49,1530,2002,94,399.9
10.68,1507,2002,109,399.9
11.03,1492,1942,94,399.7
10.98,1507,1942,91,399.7
10.97,1522,1942,105,399.7
10.85,1520,1942,102,399.7
10.77,1534,1942,83,399.7
10.69,1533,1942,102,399.7
10.71,1522,1942,98,399.7
10.73,1528,1942,91,399.7
11.08,1525,1942,98,399.7
10.99,1512,1942,94,399.7
10.81,1536,1897,91,399.9
10.59,1530,1897,98,399.9
10.6,1521,1897,105,399.9
10.62,1509,1897,98,399.9
10.88,1489,1897,91,399.9
11.11,1473,1897,102,399.9
11.09,1495,1897,105,399.9
10.98,1498,1897,94,399.9
10.93,1506,1897,94,399.9
10.77,1525,1897,102,399.9
10.8,1524,1965,109,399.9
10.72,1514,1965,98,399.9
10.73,1524,1965,94,399.9
10.85,1510,1965,105,399.9
10.94,1506,1965,105,399.9
10.71,1506,1965,102,399.9
10.53,1503,1965,102,399.9
10.43,1478,1965,109,399.9
10.52,1477,1965,116,399.9
10.84,1454,1965,113,399.9
11.2,1443,1987,113,399.8
11.12,1459,1987,116,399.8
11.07,1487,1987,120,399.8
10.95,1491,1987,120,399.8
10.81,1517,1987,109,399.8
10.67,1517,1987,116,399.8
10.78,1519,1987,124,399.8
10.84,1521,1987,105,399.8
11.11,1529,1987,116,399.8
11.05,1521,1987,116,399.8
10.87,1535,1957,109,400
10.72,1511,1957,109,400
10.7,1498,1957,113,400
10.7,1511,1957,113,400
10.99,1514,1957,98,400
11.2,1503,1957,109,400
11.2,1528,1957,113,400
11.2,1534,1957,105,400
11.21,1533,1957,113,400
10.99,1537,1957,109,400
10.84,1538,2025,102,399.8
10.87,1535,2025,113,399.8
10.9,1554,2025,109,399.8
10.96,1547,2025,102,399.8
10.99,1535,2025,102,399.8
10.72,1542,2025,113,399.8
10.54,1542,2025,109,399.8
10.43,1524,2025,102,399.8
10.51,1525,2025,109,399.8
10.83,1508,2025,116,399.8
11.15,1493,2025,116,399.8
11.12,1513,2025,109,399.8
11.05,1544,2025,116,399.8
10.86,1539,2025,120,399.8
10.61,1554,2025,116,399.8
10.54,1556,2025,113,399.8
10.56,1546,2025,116,399.8
10.68,1549,2025,116,399.8
11.17,1553,2025,127,399.8
11.21,1546,2025,116,399.8
11,1552,1845,113,400
10.86,1531,1845,120,400
10.81,1508,1845,124,400
10.74,1506,1845,109,400
10.94,1495,1845,124,400
11.2,1480,1845,127,400
11.28,1504,1845,113,400
11.23,1520,1845,116,400
11.11,1514,1845,124,400
10.85,1523,1845,124,400
10.8,1531,2137,113,399.8
10.93,1540,2137,120,399.8
10.97,1561,2137,127,399.8
10.98,1535,2137,120,399.8
10.85,1508,2137,116,399.8
10.7,1508,2137,120,399.8
10.59,1496,2137,124,399.8
10.47,1479,2137,116,399.8
10.48,1492,2137,116,399.8
10.76,1479,2137,120,399.8
11.06,1474,1875,116,399.7
10.98,1498,1875,109,399.7
10.94,1512,1875,127,399.7
10.88,1504,1875,127,399.7
10.72,1519,1875,116,399.7
10.56,1517,1875,116,399.7
10.69,1516,1875,127,399.7
10.85,1527,1875,131,399.7
11.13,1518,1875,116,399.7
11.07,1498,1875,124,399.7
10.95,1497,1882,131,400
10.78,1466,1882,120,400
10.7,1456,1882,113,400
10.63,1463,1882,116,400
10.86,1459,1882,120,400
11.06,1449,1882,116,400
11.11,1470,1882,109,400
10.96,1474,1882,116,400
10.88,1477,1882,116,400
10.72,1493,1882,105,400
10.74,1509,1920,109,399.8
10.82,1515,1920,105,399.8
10.79,1533,1920,109,399.8
10.77,1510,1920,113,399.8
10.73,1481,1920,102,399.8
10.45,1476,1920,109,399.8
10.42,1479,1920,109,399.8
10.4,1465,1920,102,399.8
10.46,1474,1920,98,399.8
10.64,1464,1920,109,399.8
10.99,1468,1890,113,399.8
10.93,1488,1890,102,399.8
10.94,1496,1890,102,399.8
10.68,1483,1890,109,399.8
10.4,1498,1890,105,399.8
10.42,1520,1890,98,399.8
10.67,1529,1890,102,399.8
10.76,1534,1890,109,399.8
10.89,1528,1890,102,399.8
10.84,1504,1890,98,399.8
10.67,1509,1920,105,400
10.54,1496,1920,109,400
10.51,1488,1920,109,400
10.57,1497,1920,102,400
10.89,1492,1920,102,400
11.15,1481,1920,116,400
11.18,1510,1920,98,400
11.02,1515,1920,102,400
10.94,1515,1920,102,400
10.74,1532,1920,109,400
10.76,1547,2032,109,399.7
10.89,1545,2032,102,399.7
10.86,1555,2032,102,399.7
10.87,1521,2032,113,399.7
10.69,1496,2032,116,399.7
10.37,1502,2032,105,399.7
10.34,1509,2032,102,399.7
10.27,1491,2032,105,399.7
10.38,1501,2032,102,399.7
10.66,1490,2032,102,399.7
11.12,1488,1912,113,399.8
11.07,1496,1912,116,399.8
10.96,1512,1912,109,399.8
10.74,1504,1912,113,399.8
10.58,1529,1912,120,399.8
10.67,1537,1912,113,399.8
10.93,1550,1912,113,399.8
10.88,1543,1912,109,399.8
10.98,1529,1912,120,399.8
10.91,1491,1912,116,399.8
10.66,1501,1890,116,400
10.46,1492,1890,116,400
10.49,1492,1890,124,400
10.48,1497,1890,116,400
10.83,1491,1890,124,400
11.22,1476,1890,124,400
11.11,1499,1890,131,400
10.85,1496,1890,109,400
10.78,1491,1890,120,400
10.7,1511,1890,131,400
10.73,1531,2010,120,399.8
10.71,1517,2010,116,399.8
10.68,1530,2010,131,399.8
10.68,1502,2010,127,399.8
10.57,1488,2010,116,399.8
10.3,1491,2010,120,399.8
10.32,1502,2010,127,399.8
10.32,1495,2010,109,399.8
10.37,1516,2010,116,399.8
10.63,1512,2010,116,399.8
11.05,1511,1935,113,399.8
10.92,1523,1935,109,399.8
10.79,1543,1935,120,399.8
10.59,1525,1935,109,399.8
10.56,1554,1935,113,399.8
10.68,1568,1935,116,399.8
10.78,1577,1935,105,399.8
10.64,1581,1935,109,399.8
10.82,1565,1935,116,399.8
10.81,1543,1935,109,399.8
10.59,1560,1770,105,400
10.48,1561,1770,113,400
10.59,1567,1770,116,400
10.57,1577,1770,109,400
10.85,1579,1770,109,400
11.14,1560,1770,124,400
11.17,1568,1770,113,400
11.03,1565,1770,105,400
11.01,1576,1770,116,400
10.83,1599,1770,124,400
10.86,1607,2070,113,399.8
10.77,1581,2070,109,399.8
10.66,1581,2070,124,399.8
10.68,1549,2070,120,399.8
10.59,1526,2070,109,399.8
10.35,1517,2070,109,399.8
10.39,1517,2070,120,399.8
10.34,1499,2070,120,399.8
10.38,1508,2070,113,399.8
10.69,1489,2070,113,399.8
11.06,1473,1785,116,399.8
10.97,1477,1785,116,399.8
10.8,1496,1785,124,399.8
10.63,1490,1785,109,399.8
10.59,1516,1785,120,399.8
10.74,1525,1785,124,399.8
10.81,1521,1785,116,399.8
10.73,1501,1785,109,399.8
10.91,1478,1785,120,399.8
10.78,1460,1785,116,399.8
10.57,1474,1830,109,400
10.41,1459,1830,109,400
10.33,1456,1830,127,400
10.4,1467,1830,127,400
10.83,1472,1830,120,400
11.17,1453,1830,116,400
11.11,1474,1830,127,400
10.97,1472,1830,131,400
10.95,1486,1830,124,400
10.76,1512,1830,116,400
10.73,1526,2002,127,399.7
10.63,1500,2002,127,399.7
10.53,1498,2002,120,399.7
10.56,1469,2002,116,399.7
10.48,1457,2002,124,399.7
10.26,1465,2002,127,399.7
10.31,1478,2002,127,399.7
10.27,1476,2002,116,399.7
10.33,1491,2002,131,399.7
10.6,1476,2002,116,399.7
10.98,1464,1957,113,399.8
10.79,1484,1957,120,399.8
10.66,1512,1957,109,399.8
10.6,1520,1957,109,399.8
10.54,1541,1957,109,399.8
10.56,1537,1957,109,399.8
10.73,1528,1957,94,399.8
10.72,1518,1957,102,399.8
10.84,1493,1957,109,399.8
10.67,1463,1957,91,399.8
10.39,1471,1860,98,400
10.33,1461,1860,98,400
10.35,1472,1860,91,400
10.3,1500,1860,102,400
10.67,1500,1860,94,400
10.99,1478,1860,87,400
10.93,1490,1860,98,400
10.8,1500,1860,105,400
10.93,1518,1860,98,400
10.74,1546,1860,94,400
10.67,1539,1972,102,399.7
10.55,1510,1972,98,399.7
10.56,1506,1972,98,399.7
10.54,1489,1972,94,399.7
10.47,1477,1972,91,399.7
10.26,1496,1972,102,399.7
10.27,1497,1972,98,399.7
10.29,1488,1972,91,399.7
10.37,1490,1972,91,399.7
10.6,1475,1972,102,399.7
10.85,1463,1830,102,399.8
10.72,1485,1830,91,399.8
10.84,1515,1830,98,399.8
10.87,1520,1830,102,399.8
10.81,1540,1830,91,399.8
10.8,1536,1830,98,399.8
10.82,1515,1830,102,399.8
10.72,1507,1830,83,399.8
10.79,1496,1830,94,399.8
10.67,1480,1830,94,399.8
10.53,1493,1867,91,400
10.51,1491,1867,91,400
10.59,1494,1867,98,400
10.55,1509,1867,91,400
10.79,1504,1867,87,400
11.11,1484,1867,91,400
11.12,1508,1867,102,400
11.05,1523,1867,98,400
11.1,1520,1867,91,400
10.9,1529,1867,102,400
10.85,1537,2055,102,399.7
10.75,1511,2055,113,399.7
10.77,1504,2055,98,399.7
10.76,1484,2055,98,399.7
10.65,1471,2055,105,399.7
10.4,1478,2055,113,399.7
10.47,1492,2055,113,399.7
10.39,1488,2055,109,399.7
10.48,1487,2055,105,399.7
10.77,1466,2055,113,399.7
11.04,1461,1905,116,399.8
10.96,1482,1905,109,399.8
11.09,1508,1905,113,399.8
11.12,1500,1905,120,399.8
10.88,1504,1905,120,399.8
10.76,1489,1905,109,399.8
10.83,1481,1905,116,399.8
10.86,1474,1905,120,399.8
10.91,1456,1905,109,399.8
10.71,1440,1905,109,399.8
10.59,1463,1860,120,400
10.63,1459,1860,113,400
10.72,1464,1860,105,400
10.7,1471,1860,116,400
10.93,1467,1860,116,400
11.29,1460,1860,105,400
11.35,1498,1860,113,400
11.25,1514,1860,124,400
11.16,1510,1860,109,400
10.82,1514,1860,105,400
10.69,1509,1965,116,399.7
10.59,1495,1965,120,399.7
10.6,1500,1965,113,399.7
10.62,1483,1965,116,399.7
10.65,1477,1965,120,399.7
10.55,1494,1965,127,399.7
10.61,1507,1965,116,399.7
10.65,1505,1965,116,399.7
10.61,1517,1965,135,399.7
10.77,1503,1965,131,399.7
11.1,1495,1980,116,399.8
11.2,1526,1980,131,399.8
11.37,1559,1980,131,399.8
11.3,1561,1980,127,399.8
11.04,1576,1980,120,399.8
10.91,1564,1980,135,399.8
10.97,1557,1980,138,399.8
10.94,1556,1980,131,399.8
11.06,1541,1980,124,399.8
11.02,1532,1980,131,399.8
10.99,1553,1807,142,400
10.93,1551,1807,135,400
10.91,1546,1807,131,400
10.84,1541,1807,135,400
11.12,1539,1807,138,400
11.43,1536,1807,135,400
11.46,1580,1807,131,400
11.3,1571,1807,138,400
11.32,1554,1807,142,400
11.08,1559,1807,135,400
11.01,1563,2040,127,399.8
10.92,1540,2040,138,399.8
10.87,1541,2040,138,399.8
10.98,1527,2040,131,399.8
11,1530,2040,127,399.8
10.74,1524,2040,138,399.8
10.76,1517,2040,142,399.8
10.6,1491,2040,138,399.8
10.6,1500,2040,127,399.8
10.89,1493,2040,138,399.8
11.27,1503,1980,142,399.8
11.23,1533,1980,131,399.8
11.33,1549,1980,138,399.8
11.31,1532,1980,142,399.8
11.08,1540,1980,142,399.8
10.94,1523,1980,127,399.8
11.04,1521,1980,138,399.8
10.96,1509,1980,142,399.8
11.05,1506,1980,135,399.8
11.02,1491,1980,131,399.8
10.98,1502,1852,138,400
10.78,1495,1852,131,400
10.71,1494,1852,127,400
10.65,1490,1852,127,400
10.92,1492,1852,127,400
11.36,1487,1852,120,400
11.42,1513,1852,120,400
11.3,1506,1852,127,400
11.1,1491,1852,124,400
10.8,1497,1852,109,400
10.76,1506,1972,109,399.8
10.75,1489,1972,113,399.8
10.8,1497,1972,105,399.8
10.87,1488,1972,105,399.8
10.94,1484,1972,105,399.8
10.77,1496,1972,109,399.8
10.65,1502,1972,94,399.8
10.55,1485,1972,102,399.8
10.6,1503,1972,109,399.8
10.95,1508,1972,105,399.8
11.32,1512,1912,91,399.8
11.22,1523,1912,105,399.8
11.2,1531,1912,102,399.8
11.16,1516,1912,94,399.8
11,1534,1912,109,399.8
10.87,1536,1912,102,399.8
10.95,1533,1912,98,399.8
10.93,1538,1912,98,399.8
11.14,1527,1912,105,399.8
11.22,1510,1912,102,399.8
11.15,1535,1852,91,400.1
11.04,1527,1852,105,400.1
11.03,1527,1852,102,400.1
11.01,1533,1852,98,400.1
11.27,1533,1852,102,400.1
11.53,1523,1852,105,400.1
11.46,1539,1852,98,400.1
11.29,1534,1852,98,400.1
11.25,1524,1852,98,400.1
11,1536,1852,109,400.1
11,1549,1987,94,399.8
11.01,1530,1987,94,399.8
10.96,1526,1987,102,399.8
10.92,1508,1987,102,399.8
11.04,1502,1987,91,399.8
10.87,1508,1987,102,399.8
10.73,1501,1987,102,399.8
10.62,1493,1987,94,399.8
10.8,1507,1987,94,399.8
11.22,1508,1987,105,399.8
11.58,1507,1972,102,399.8
11.43,1512,1972,105,399.8
11.45,1508,1972,98,399.8
11.36,1489,1972,113,399.8
11.15,1503,1972,113,399.8
10.96,1502,1972,109,399.8
11.07,1496,1972,102,399.8
11.06,1494,1972,105,399.8
11.25,1489,1972,116,399.8
11.31,1470,1972,120,399.8
11.24,1481,1890,113,400.1
11.05,1472,1890,109,400.1
11.08,1477,1890,113,400.1
11.13,1500,1890,127,400.1
11.5,1508,1890,124,400.1
11.75,1476,1890,116,400.1
11.69,1491,1890,116,400.1
11.6,1500,1890,124,400.1
11.5,1506,1890,124,400.1
11.2,1523,1890,116,400.1
11.19,1539,1935,116,399.7
11.18,1525,1935,124,399.7
11.15,1539,1935,120,399.7
11.16,1515,1935,116,399.7
11.19,1498,1935,120,399.7
11.02,1504,1935,120,399.7
11,1514,1935,109,399.7
10.86,1511,1935,116,399.7
10.96,1531,1935,120,399.7
11.33,1525,1935,105,399.7
11.68,1526,2055,120,399.7
11.56,1526,2055,120,399.7
11.65,1522,2055,109,399.7
11.58,1511,2055,113,399.7
11.39,1535,2055,116,399.7
11.22,1539,2055,109,399.7
11.26,1542,2055,102,399.7
11.31,1543,2055,109,399.7
11.5,1535,2055,120,399.7
11.51,1515,2055,116,399.7
11.37,1521,1890,109,400.1
11.19,1508,1890,113,400.1
11.2,1525,1890,124,400.1
11.21,1555,1890,124,400.1
11.52,1552,1890,113,400.1
11.7,1517,1890,120,400.1
11.59,1520,1890,131,400.1
11.47,1513,1890,120,400.1
11.42,1520,1890,113,400.1
11.14,1533,1890,124,400.1
11.1,1550,2077,124,399.8
11.12,1547,2077,131,399.8
11.15,1552,2077,116,399.8
11.17,1517,2077,124,399.8
11.15,1503,2077,131,399.8
10.89,1509,2077,131,399.8
10.88,1515,2077,120,399.8
10.94,1517,2077,124,399.8
11.18,1536,2077,135,399.8
11.6,1528,2077,120,399.8
11.88,1524,1957,120,399.8
11.7,1531,1957,131,399.8
11.72,1527,1957,124,399.8
11.61,1517,1957,127,399.8
11.46,1533,1957,127,399.8
11.26,1535,1957,131,399.8
11.33,1525,1957,127,399.8
11.42,1524,1957,116,399.8
11.72,1514,1957,127,399.8
11.69,1495,1957,127,399.8
11.54,1511,1965,131,400.1
11.39,1520,1965,120,400.1
11.37,1532,1965,127,400.1
11.37,1540,1965,131,400.1
11.66,1523,1965,124,400.1
11.86,1497,1965,120,400.1
11.78,1512,1965,124,400.1
11.67,1516,1965,135,400.1
11.63,1510,1965,127,400.1
11.46,1518,1965,120,400.1
11.41,1537,2122,131,399.8
11.42,1529,2122,131,399.8
11.49,1530,2122,124,399.8
11.54,1501,2122,124,399.8
11.5,1467,2122,131,399.8
11.37,1464,2122,131,399.8
11.41,1483,2122,116,399.8
11.43,1489,2122,124,399.8
11.6,1500,2122,127,399.8
11.83,1490,2122,109,399.8
12,1480,2092,120,399.8
11.8,1485,2092,127,399.8
11.78,1491,2092,105,399.8
11.65,1486,2092,109,399.8
11.48,1508,2092,120,399.8
11.29,1510,2092,109,399.8
11.38,1513,2092,105,399.8
11.47,1516,2092,109,399.8
11.64,1504,2092,98,399.8
11.62,1481,2092,102,399.8
11.53,1497,1980,109,400.1
11.42,1501,1980,98,400.1
11.43,1511,1980,94,400.1
11.42,1520,1980,113,400.1
11.73,1511,1980,102,400.1
11.92,1484,1980,98,400.1
11.72,1500,1980,105,400.1
11.6,1508,1980,113,400.1
11.65,1505,1980,109,400.1
11.42,1512,1980,102,400.1
11.39,1531,2070,102,399.8
11.47,1531,2070,109,399.8
11.43,1531,2070,105,399.8
11.49,1512,2070,105,399.8
11.43,1501,2070,116,399.8
11.23,1510,2070,116,399.8
11.28,1524,2070,109,399.8
11.35,1532,2070,105,399.8
11.33,1547,2070,113,399.8
11.58,1530,2070,109,399.8
11.84,1504,2077,105,399.8
11.64,1513,2077,105,399.8
11.55,1528,2077,113,399.8
11.49,1520,2077,116,399.8
11.38,1546,2077,105,399.8
11.34,1556,2077,109,399.8
11.54,1553,2077,116,399.8
11.53,1540,2077,116,399.8
11.6,1530,2077,105,399.8
11.7,1518,2077,113,399.8
11.66,1546,1897,120,400.1
11.51,1537,1897,124,400.1
11.44,1533,1897,116,400.1
11.41,1537,1897,109,400.1
11.78,1529,1897,116,400.1
12.05,1501,1897,116,400.1
11.94,1515,1897,116,400.1
11.78,1522,1897,116,400.1
11.64,1522,1897,120,400.1
11.37,1531,1897,127,400.1
11.37,1544,2070,124,399.8
11.42,1535,2070,113,399.8
11.31,1539,2070,127,399.8
11.37,1516,2070,138,399.8
11.42,1506,2070,124,399.8
11.37,1517,2070,127,399.8
11.49,1535,2070,138,399.8
11.52,1529,2070,138,399.8
11.59,1529,2070,131,399.8
11.93,1500,2070,127,399.8
12.13,1486,1920,135,399.8
12.04,1489,1920,131,399.8
11.97,1502,1920,120,399.8
11.9,1508,1920,135,399.8
11.85,1536,1920,131,399.8
11.8,1543,1920,116,399.8
11.84,1544,1920,124,399.8
11.77,1544,1920,124,399.8
11.89,1532,1920,113,399.8
11.91,1524,1920,120,399.8
11.84,1559,1995,127,400.1
11.71,1564,1995,116,400.1
11.58,1564,1995,113,400.1
11.51,1571,1995,120,400.1
11.83,1561,1995,116,400.1
11.94,1538,1995,116,400.1
11.95,1555,1995,120,400.1
11.96,1574,1995,113,400.1
11.93,1596,1995,109,400.1
11.68,1618,1995,116,400.1
11.66,1634,2227,109,399.7
11.61,1615,2227,109,399.7
11.53,1623,2227,116,399.7
11.66,1616,2227,124,399.7
11.69,1612,2227,124,399.7
11.56,1625,2227,116,399.7
11.61,1636,2227,116,399.7
11.49,1630,2227,120,399.7
11.55,1634,2227,124,399.7
11.85,1609,2227,120,399.7
12.06,1594,1980,124,399.8
11.97,1597,1980,124,399.8
11.97,1606,1980,124,399.8
11.91,1591,1980,120,399.8
11.91,1612,1980,127,399.8
11.79,1616,1980,127,399.8
11.82,1598,1980,116,399.8
11.74,1579,1980,124,399.8
11.94,1571,1980,131,399.8
12.04,1557,1980,120,399.8
11.95,1569,2032,116,400
11.74,1552,2032,127,400
11.53,1535,2032,127,400
11.46,1527,2032,124,400
11.79,1508,2032,120,400
11.98,1481,2032,127,400
11.93,1497,2032,131,400
11.87,1502,2032,124,400
11.76,1516,2032,127,400
11.47,1528,2032,131,400
11.35,1534,2145,124,399.8
11.34,1504,2145,127,399.8
11.32,1508,2145,131,399.8
11.51,1497,2145,127,399.8
11.71,1506,2145,124,399.8
11.55,1515,2145,127,399.8
11.51,1514,2145,135,399.8
11.39,1499,2145,135,399.8
11.38,1506,2145,127,399.8
11.63,1490,2145,131,399.8
11.78,1474,2115,131,399.8
11.59,1483,2115,135,399.8
11.59,1506,2115,124,399.8
11.58,1507,2115,138,399.8
11.58,1531,2115,131,399.8
11.5,1536,2115,124,399.8
11.5,1533,2115,135,399.8
11.45,1542,2115,135,399.8
11.78,1550,2115,124,399.8
12,1533,2115,124,399.8
11.86,1548,1995,131,400.1
11.63,1537,1995,120,400.1
11.41,1529,1995,116,400.1
11.3,1535,1995,120,400.1
11.7,1534,1995,113,400.1
11.87,1510,1995,109,400.1
11.79,1520,1995,116,400.1
11.77,1530,1995,113,400.1
11.74,1546,1995,109,400.1
11.44,1558,1995,109,400.1
11.35,1565,2212,113,399.8
11.3,1545,2212,102,399.8
11.29,1551,2212,102,399.8
11.49,1547,2212,105,399.8
11.53,1545,2212,102,399.8
11.46,1546,2212,113,399.8
11.32,1531,2212,98,399.8
11.28,1532,2212,98,399.8
11.54,1523,2212,109,399.8
11.79,1523,2032,102,399.8
11.65,1535,2032,94,399.8
11.77,1549,2032,105,399.8
11.73,1551,2032,102,399.8
11.6,1577,2032,91,399.8
11.48,1585,2032,98,399.8
11.52,1579,2032,102,399.8
11.58,1580,2032,98,399.8
11.78,1567,2032,91,399.8
11.84,1542,2032,105,399.8
11.8,1542,1927,94,400.1
11.66,1533,1927,91,400.1
11.53,1527,1927,94,400.1
11.38,1527,1927,102,400.1
11.75,1531,1927,94,400.1
11.97,1518,1927,91,400.1
11.95,1532,1927,102,400.1
11.95,1540,1927,102,400.1
11.91,1542,1927,87,400.1
11.59,1553,1927,91,400.1
11.5,1562,2077,102,399.8
11.45,1543,2077,102,399.8
11.55,1557,2077,87,399.8
11.8,1562,2077,102,399.8
11.97,1548,2077,102,399.8
11.84,1544,2077,94,399.8
11.66,1532,2077,98,399.8
11.6,1518,2077,109,399.8
11.63,1535,2077,91,399.8
11.82,1525,2077,91,399.8
12.05,1516,1920,105,399.8
11.98,1533,1920,105,399.8
12.01,1558,1920,102,399.8
11.94,1551,1920,102,399.8
11.68,1568,1920,113,399.8
11.46,1571,1920,109,399.8
11.6,1576,1920,105,399.8
11.67,1579,1920,105,399.8
11.85,1569,1920,113,399.8
11.9,1533,1920,116,399.8
11.86,1532,1957,127,400.1
11.73,1520,1957,116,400.1
11.67,1512,1957,109,400.1
11.54,1512,1957,124,400.1
11.82,1507,1957,120,400.1
12.03,1482,1957,113,400.1
12,1486,1957,116,400.1
11.91,1489,1957,124,400.1
11.94,1489,1957,124,400.1
11.68,1497,1957,116,400.1
11.62,1518,2227,120,399.7
11.59,1510,2227,120,399.7
11.74,1524,2227,113,399.7
12.02,1523,2227,109,399.7
12.07,1516,2227,120,399.7
11.78,1511,2227,120,399.7
11.64,1498,2227,109,399.7
11.54,1483,2227,120,399.7
11.52,1493,2227,116,399.7
11.73,1491,2227,113,399.7
12.04,1495,2010,109,399.9
12.08,1515,2010,120,399.9
12.1,1534,2010,127,399.9
11.95,1525,2010,120,399.9
11.78,1539,2010,116,399.9
11.67,1552,2010,120,399.9
11.9,1566,2010,124,399.9
12.01,1573,2010,124,399.9
12.14,1554,2010,116,399.9
12.02,1519,2010,124,399.9
11.89,1522,2010,131,400.1
11.76,1523,2010,131,400.1
11.75,1522,2010,113,400.1
11.65,1526,2010,135,400.1
12.03,1538,2010,142,400.1
12.3,1536,2010,131,400.1
12.34,1557,2010,127,400.1
12.26,1565,2010,138,400.1
